LemonEntry,partOfSpeech,writtenForm (singular),writtenForm (plural),preposition,SyntacticFrame,copulativeArg,prepositionalAdjunct,sense,reference,domain,range,GrammarRule1:question1,SPARQL,GrammarRule1: question2,SPARQL Question 2,GrammarRule 1: questions,SPARQL ,NP (Grammar Rule 2),,grammar rules,numberOfQuestions
birthPlace_of,noun,birth place,-,of,NounPPFrame,range,domain,1,dbo:birthPlace,dbo:Person,dbo:Place,"What (dbo:Place, X) is the birth place/- of (dbo:Person,Y?) ",SELECT ?X WHERE { Y dbo:birthPlace ?X.},FALSE,FALSE,"List the (dbo:Place, X) - of (dbo:Person,Y?) ",SELECT ?X WHERE { Y dbo:birthPlace ?X.},"the birth place of (dbo:Person,Y) ",,2,
height_of,noun,height,-,of,NounPPFrame,range,domain,1,dbo:height,dbo:Person,xsd:double,"What (xsd:double, X) is the height/- of (dbo:Person,Y?) ",SELECT ?X WHERE { Y dbo:height ?X.},FALSE,FALSE,"List the (xsd:double, X) - of (dbo:Person,Y?) ",SELECT ?X WHERE { Y dbo:height ?X.},"the height of (dbo:Person,Y) ",,2,
deathPlace_of,noun,death place,-,of,NounPPFrame,range,domain,1,dbo:deathPlace,dbo:Person,dbo:Place,"What (dbo:Place, X) is the death place/- of (dbo:Person,Y?) ",SELECT ?X WHERE { Y dbo:deathPlace ?X.},FALSE,FALSE,"List the (dbo:Place, X) - of (dbo:Person,Y?) ",SELECT ?X WHERE { Y dbo:deathPlace ?X.},"the death place of (dbo:Person,Y) ",,2,
father_of,noun,father,-,of,NounPPFrame,range,domain,1,dbo:father,dbo:Person,dbo:Person,"What (dbo:Person, X) is the father/- of (dbo:Person,Y?) ",SELECT ?X WHERE { Y dbo:father ?X.},"Who (dbo:Person, X) is the father of (dbo:Person,Y?) (X dbo:father Y)",SELECT ?X WHERE { Y dbo:father ?X.},"List the (dbo:Person, X) - of (dbo:Person,Y?) ",SELECT ?X WHERE { Y dbo:father ?X.},"the father of (dbo:Person,Y) ",,2,
successor-of,noun,successor,-,of,NounPPFrame,range,domain,1,dbo:successor,dbo:Person,dbo:Person,"What (dbo:Person, X) is the successor/- of (dbo:Person,Y?) ",SELECT ?X WHERE { Y dbo:successor ?X.},"Which person,Who (dbo:Person, X) is,was the successor of (dbo:Person,Y?) (X dbo:successor Y)",SELECT ?X WHERE { Y dbo:successor ?X.},"List the (dbo:Person, X) - of (dbo:Person,Y?) ",SELECT ?X WHERE { Y dbo:successor ?X.},"the successor of (dbo:Person,Y) ",,2,
residence-of,noun,residence,residences,of,NounPPFrame,range,domain,1,dbo:residence,dbo:Place,dbo:Person,-,SELECT ?X WHERE { Y dbo:residence ?X.},"Which person,Who (dbo:Person, X) is,was the residence of (dbo:Place,Y?) (X dbo:residence Y)",SELECT ?X WHERE { Y dbo:residence ?X.},"List the (dbo:Person, X) residences of (dbo:Place,Y?) ",SELECT ?X WHERE { Y dbo:residence ?X.},"the residence of (dbo:Place,Y) ",,2,
partner-of,noun,partner,partners,of,NounPPFrame,range,domain,1,dbo:partner,dbo:Person,dbo:Person,-,SELECT ?X WHERE { Y dbo:partner ?X.},"Which person,Who (dbo:Person, X) is,was the partner of (dbo:Person,Y?) (X dbo:partner Y)",SELECT ?X WHERE { Y dbo:partner ?X.},"List the (dbo:Person, X) partners of (dbo:Person,Y?) ",SELECT ?X WHERE { Y dbo:partner ?X.},"the partner of (dbo:Person,Y) ",,2,
spouse-of,noun,spouse,spouses,of,NounPPFrame,range,domain,1,dbo:spouse,dbo:Person,dbo:Person,-,SELECT ?X WHERE { Y dbo:spouse ?X.},"Which person,Who (dbo:Person, X) is,was the spouse of (dbo:Person,Y?) (X dbo:spouse Y)",SELECT ?X WHERE { Y dbo:spouse ?X.},"List the (dbo:Person, X) spouses of (dbo:Person,Y?) ",SELECT ?X WHERE { Y dbo:spouse ?X.},"the spouse of (dbo:Person,Y) ",,2,
birthDate-of,noun,birth date,-,of,NounPPFrame,range,domain,1,dbo:birthDate,dbo:Person,https://www.w3.org/2001/XMLSchema#date,"What (https://www.w3.org/2001/XMLSchema#date, X) is the birth date/- of (dbo:Person,Y?) ",SELECT ?X WHERE { Y dbo:birthDate ?X.},FALSE,FALSE,"List the (https://www.w3.org/2001/XMLSchema#date, X) - of (dbo:Person,Y?) ",SELECT ?X WHERE { Y dbo:birthDate ?X.},"the birth date of (dbo:Person,Y) ",,2,
education-of,noun,education,-,of,NounPPFrame,range,domain,1,dbo:education,dbo:Person,xsd:string,"What (xsd:string, X) is the education/- of (dbo:Person,Y?) ",SELECT ?X WHERE { Y dbo:education ?X.},FALSE,FALSE,"List the (xsd:string, X) - of (dbo:Person,Y?) ",SELECT ?X WHERE { Y dbo:education ?X.},"the education of (dbo:Person,Y) ",,2,
nationality_of,noun,nationality,-,of,NounPPFrame,range,domain,1,dbo:nationality,dbo:Person,dbo:Country,"What (dbo:Country, X) is the nationality/- of (dbo:Person,Y?) ",SELECT ?X WHERE { Y dbo:nationality ?X.},FALSE,FALSE,"List the (dbo:Country, X) - of (dbo:Person,Y?) ",SELECT ?X WHERE { Y dbo:nationality ?X.},"the nationality of (dbo:Person,Y) ",,2,
editor_of,noun,editor,editors,of,NounPPFrame,range,domain,1,dbo:editor,dbo:Work,dbo:Person,"What (dbo:Person, X) is the editor/editors of (dbo:Work,Y?) ",SELECT ?X WHERE { Y dbo:editor ?X.},"Who (dbo:Person, X) is the editor of (dbo:Work,Y?) (X dbo:editor Y)",SELECT ?X WHERE { Y dbo:editor ?X.},"List the (dbo:Person, X) editors of (dbo:Work,Y?) ",SELECT ?X WHERE { Y dbo:editor ?X.},"the editor of (dbo:Work,Y) ",,2,
creator_of,noun,creator,creators,of,NounPPFrame,range,domain,1,dbo:creator,dbo:Person,dbo:Agent,"What (dbo:Agent, X) is the creator/creators of (dbo:Person,Y?) ",SELECT ?X WHERE { Y dbo:creator ?X.},FALSE,FALSE,"List the (dbo:Agent, X) creators of (dbo:Person,Y?) ",SELECT ?X WHERE { Y dbo:creator ?X.},"the creator of (dbo:Person,Y) ",,2,
capital-of,noun,capital,-,of,NounPPFrame,range,domain,1,dbo:capital,dbo:Country,dbo:City,"What (dbo:City, X) is the capital/- of (dbo:Country,Y?) ",SELECT ?X WHERE { Y dbo:capital ?X.},FALSE,FALSE,"List the (dbo:City, X) - of (dbo:Country,Y?) ",SELECT ?X WHERE { Y dbo:capital ?X.},"the capital of (dbo:Country,Y) ",,2,
city-of,noun,city,cities,of,NounPPFrame,range,domain,1,dbo:city,dbo:Country,dbo:City,"What (dbo:City, X) is the city/cities of (dbo:Country,Y?) ",SELECT ?X WHERE { Y dbo:city ?X.},FALSE,FALSE,"List the (dbo:City, X) cities of (dbo:Country,Y?) ",SELECT ?X WHERE { Y dbo:city ?X.},"the city of (dbo:Country,Y) ",,2,
formOfGovernment-of,noun,form of government,-,of,NounPPFrame,range,domain,1,dbo:governmentType,dbo:Country,dbo:GovernmentType,"What (dbo:GovernmentType, X) is the form of government/- of (dbo:Country,Y?) ",SELECT ?X WHERE { Y dbo:governmentType ?X.},FALSE,FALSE,"List the (dbo:GovernmentType, X) - of (dbo:Country,Y?) ",SELECT ?X WHERE { Y dbo:governmentType ?X.},"the form of government of (dbo:Country,Y) ",,2,
countryCode-of,noun,country code,-,of,NounPPFrame,range,domain,1,dbo:countryCode,dbo:Country,xsd:integer,"What (xsd:integer, X) is the country code/- of (dbo:Country,Y?) ",SELECT ?X WHERE { Y dbo:countryCode ?X.},FALSE,FALSE,"List the (xsd:integer, X) - of (dbo:Country,Y?) ",SELECT ?X WHERE { Y dbo:countryCode ?X.},"the country code of (dbo:Country,Y) ",,2,
assets-of,noun,assets,-,of,NounPPFrame,range,domain,1,dbo:assets,dbo:Company,xsd:double,"What (xsd:double, X) is the assets/- of (dbo:Company,Y?) ",SELECT ?X WHERE { Y dbo:assets ?X.},FALSE,FALSE,"List the (xsd:double, X) - of (dbo:Company,Y?) ",SELECT ?X WHERE { Y dbo:assets ?X.},"the assets of (dbo:Company,Y) ",,2,
subsidiary-of,noun,subsidiary,subsidiaries,of,NounPPFrame,range,domain,1,dbo:subsidiary,dbo:Company,dbo:Company,"What (dbo:Company, X) is the subsidiary/subsidiaries of (dbo:Company,Y?) ",SELECT ?X WHERE { Y dbo:subsidiary ?X.},FALSE,FALSE,"List the (dbo:Company, X) subsidiaries of (dbo:Company,Y?) ",SELECT ?X WHERE { Y dbo:subsidiary ?X.},"the subsidiary of (dbo:Company,Y) ",,2,
predecessor-of,noun,predecessor,-,of,NounPPFrame,range,domain,1,dbo:predecessor,dbo:Person,dbo:Politician,"What (dbo:Politician, X) is the predecessor/- of (dbo:Person,Y?) ",SELECT ?X WHERE { Y dbo:predecessor ?X.},FALSE,FALSE,"List the (dbo:Politician, X) - of (dbo:Person,Y?) ",SELECT ?X WHERE { Y dbo:predecessor ?X.},"the predecessor of (dbo:Person,Y) ",,2,
equity-of,noun,equity,-,of,NounPPFrame,range,domain,1,dbo:equity,dbo:Company,xsd:double,"What (xsd:double, X) is the equity/- of (dbo:Company,Y?) ",SELECT ?X WHERE { Y dbo:equity ?X.},FALSE,FALSE,"List the (xsd:double, X) - of (dbo:Company,Y?) ",SELECT ?X WHERE { Y dbo:equity ?X.},"the equity of (dbo:Company,Y) ",,2,
postalCode-of,noun,postal code,-,of,NounPPFrame,range,domain,1,dbo:postalCode,dbo:City,xsd:string,"What (xsd:string, X) is the postal code/- of (dbo:City,Y?) ",SELECT ?X WHERE { Y dbo:postalCode ?X.},FALSE,FALSE,"List the (xsd:string, X) - of (dbo:City,Y?) ",SELECT ?X WHERE { Y dbo:postalCode ?X.},"the postal code of (dbo:City,Y) ",,2,
populationTotal-of,noun,total population,-,of,NounPPFrame,range,domain,1,dbo:populationTotal,dbo:Place,xsd:nonNegativeInteger,"What (xsd:nonNegativeInteger, X) is the total population/- of (dbo:Place,Y?) ",SELECT ?X WHERE { Y dbo:populationTotal ?X.},FALSE,FALSE,"List the (xsd:nonNegativeInteger, X) - of (dbo:Place,Y?) ",SELECT ?X WHERE { Y dbo:populationTotal ?X.},"the total population of (dbo:Place,Y) ",,2,
completionDate-of,noun,completion date,-,of,NounPPFrame,range,domain,1,dbo:completionDate,dbo:TelevisionShow,xsd:date,"What (xsd:date, X) is the completion date/- of (dbo:TelevisionShow,Y?) ",SELECT ?X WHERE { Y dbo:completionDate ?X.},FALSE,FALSE,"List the (xsd:date, X) - of (dbo:TelevisionShow,Y?) ",SELECT ?X WHERE { Y dbo:completionDate ?X.},"the completion date of (dbo:TelevisionShow,Y) ",,2,
nearestCity-to,noun,nearest city,nearest cities,to,NounPPFrame,range,domain,1,dbo:nearestCity,dbo:Place,dbo:PopulatedPlace,"What (dbo:PopulatedPlace, X) is the nearest city/nearest cities to (dbo:Place,Y?) ",SELECT ?X WHERE { Y dbo:nearestCity ?X.},FALSE,FALSE,"List the (dbo:PopulatedPlace, X) nearest cities to (dbo:Place,Y?) ",SELECT ?X WHERE { Y dbo:nearestCity ?X.},"the nearest city to (dbo:Place,Y) ",,2,
revenue-of,noun,revenue,-,of,NounPPFrame,range,domain,1,dbo:revenue,dbo:Organisation,xsd:double,"What (xsd:double, X) is the revenue/- of (dbo:Organisation,Y?) ",SELECT ?X WHERE { Y dbo:revenue ?X.},FALSE,FALSE,"List the (xsd:double, X) - of (dbo:Organisation,Y?) ",SELECT ?X WHERE { Y dbo:revenue ?X.},"the revenue of (dbo:Organisation,Y) ",,2,
keyPerson-of,noun,key person,key persons,of,NounPPFrame,range,domain,1,dbo:keyPerson,dbo:Organisation,dbo:Person,"What (dbo:Person, X) is the key person/key persons of (dbo:Organisation,Y?) ",SELECT ?X WHERE { Y dbo:keyPerson ?X.},"Which person,Who (dbo:Person, X) is,was the key person of (dbo:Organisation,Y?) (X dbo:keyPerson Y)",SELECT ?X WHERE { Y dbo:keyPerson ?X.},"List the (dbo:Person, X) key persons of (dbo:Organisation,Y?) ",SELECT ?X WHERE { Y dbo:keyPerson ?X.},"the key person of (dbo:Organisation,Y) ",,2,
formerName-of,noun,former name,-,of,NounPPFrame,range,domain,1,dbo:formerName,dbo:Organisation,rdf:langString,"What (rdf:langString, X) is the former name/- of (dbo:Organisation,Y?) ",SELECT ?X WHERE { Y dbo:formerName ?X.},FALSE,FALSE,"List the (rdf:langString, X) - of (dbo:Organisation,Y?) ",SELECT ?X WHERE { Y dbo:formerName ?X.},"the former name of (dbo:Organisation,Y) ",,2,
abbreviation-of,noun,abbrevation,-,of,NounPPFrame,range,domain,1,dbo:abbreviation,dbo:Organisation,xsd:string,"What (xsd:string, X) is the abbrevation/- of (dbo:Organisation,Y?) ",SELECT ?X WHERE { Y dbo:abbreviation ?X.},FALSE,FALSE,"List the (xsd:string, X) - of (dbo:Organisation,Y?) ",SELECT ?X WHERE { Y dbo:abbreviation ?X.},"the abbrevation of (dbo:Organisation,Y) ",,2,
formationDate-of,noun,formation date,-,of,NounPPFrame,range,domain,1,dbo:formationDate,dbo:Organisation,xsd:date,"What (xsd:date, X) is the formation date/- of (dbo:Organisation,Y?) ",SELECT ?X WHERE { Y dbo:formationDate ?X.},FALSE,FALSE,"List the (xsd:date, X) - of (dbo:Organisation,Y?) ",SELECT ?X WHERE { Y dbo:formationDate ?X.},"the formation date of (dbo:Organisation,Y) ",,2,
runtime-of,noun,runtime,-,of,NounPPFrame,range,domain,2,dbo:runtime,dbo:TelevisionShow,xsd:double,"What (xsd:double, X) is the runtime/- of (dbo:TelevisionShow,Y?) ",SELECT ?X WHERE { Y dbo:runtime ?X.},FALSE,FALSE,"List the (xsd:double, X) - of (dbo:TelevisionShow,Y?) ",SELECT ?X WHERE { Y dbo:runtime ?X.},"the runtime of (dbo:TelevisionShow,Y) ",,2,
associatedMusicalArtist-of,noun,associated musical artist ,associated musical artists,of,NounPPFrame,range,domain,1,dbo:associatedMusicalArtist,dbo:MusicalArtist,dbo:Person,-,SELECT ?X WHERE { Y dbo:associatedMusicalArtist ?X.},"Which person,Who (dbo:Person, X) is,was the associated musical artist  of (dbo:MusicalArtist,Y?) (X dbo:associatedMusicalArtist Y)",SELECT ?X WHERE { Y dbo:associatedMusicalArtist ?X.},"List the (dbo:Person, X) associated musical artists of (dbo:MusicalArtist,Y?) ",SELECT ?X WHERE { Y dbo:associatedMusicalArtist ?X.},"the associated musical artist  of (dbo:MusicalArtist,Y) ",,2,
artist-of,noun,artist,artists,of,NounPPFrame,range,domain,1,dbo:artist,dbo:MusicalWork,dbo:Agent,-,SELECT ?X WHERE { Y dbo:artist ?X.},FALSE,FALSE,"List the (dbo:Agent, X) artists of (dbo:MusicalWork,Y?) ",SELECT ?X WHERE { Y dbo:artist ?X.},"the artist of (dbo:MusicalWork,Y) ",,2,
buidlingEndDate-of,noun,building end date,building end dates,of,NounPPFrame,range,domain,1,dbo:buildingEndDate,dbo:Location,xsd:date,"What (xsd:date, X) is the building end date/building end dates of (dbo:Location,Y?) ",SELECT ?X WHERE { Y dbo:buildingEndDate ?X.},FALSE,FALSE,"List the (xsd:date, X) building end dates of (dbo:Location,Y?) ",SELECT ?X WHERE { Y dbo:buildingEndDate ?X.},"the building end date of (dbo:Location,Y) ",,2,
occupation-of,noun,occupation,occupations,of,NounPPFrame,range,domain,1,dbo:occupation,dbo:Person,dbo:PersonFunction,"What (dbo:PersonFunction, X) is the occupation/occupations of (dbo:Person,Y?) ",SELECT ?X WHERE { Y dbo:occupation ?X.},FALSE,FALSE,"List the (dbo:PersonFunction, X) occupations of (dbo:Person,Y?) ",SELECT ?X WHERE { Y dbo:occupation ?X.},"the occupation of (dbo:Person,Y) ",,2,
length_of,noun,length,-,of,NounPPFrame,range,domain,1,dbp:length,dbo:River,xsd:nonNegativeInteger,"What (xsd:nonNegativeInteger, X) is the length/- of (dbo:River,Y?) ",SELECT ?X WHERE { Y dbp:length ?X.},FALSE,FALSE,"List the (xsd:nonNegativeInteger, X) - of (dbo:River,Y?) ",SELECT ?X WHERE { Y dbp:length ?X.},"the length of (dbo:River,Y) ",,2,
opponent-of,noun,opponent,opponents,of,NounPPFrame,range,domain,1,dbo:opponent,dbo:Person,dbo:Person,-,SELECT ?X WHERE { Y dbo:opponent ?X.},"Which person,Who (dbo:Person, X) is,was the opponent of (dbo:Person,Y?) (X dbo:opponent Y)",SELECT ?X WHERE { Y dbo:opponent ?X.},"List the (dbo:Person, X) opponents of (dbo:Person,Y?) ",SELECT ?X WHERE { Y dbo:opponent ?X.},"the opponent of (dbo:Person,Y) ",,2,
showJudge-of,noun,show judge,show judges,of,NounPPFrame,range,domain,1,dbo:showJudge ,dbo:TelevisionShow,dbo:Person,-,SELECT ?X WHERE { Y dbo:showJudge  ?X.},"Which person,Who (dbo:Person, X) is,was the show judge of (dbo:TelevisionShow,Y?) (X dbo:showJudge  Y)",SELECT ?X WHERE { Y dbo:showJudge  ?X.},"List the (dbo:Person, X) show judges of (dbo:TelevisionShow,Y?) ",SELECT ?X WHERE { Y dbo:showJudge  ?X.},"the show judge of (dbo:TelevisionShow,Y) ",,2,
electoralDistrict-of,noun,electoral District,-,of,NounPPFrame,range,domain,1,dbo:region,dbo:Politician,dbo:Place,"What (dbo:Place, X) is the electoral District/- of (dbo:Politician,Y?) ",SELECT ?X WHERE { Y dbo:region ?X.},FALSE,FALSE,"List the (dbo:Place, X) - of (dbo:Politician,Y?) ",SELECT ?X WHERE { Y dbo:region ?X.},"the electoral District of (dbo:Politician,Y) ",,2,
releaseDate-of,noun,realease date,-,of,NounPPFrame,range,domain,2,dbo:releaseDate,dbo:Song,xsd:date,"What (xsd:date, X) is the realease date/- of (dbo:Song,Y?) ",SELECT ?X WHERE { Y dbo:releaseDate ?X.},FALSE,FALSE,"List the (xsd:date, X) - of (dbo:Song,Y?) ",SELECT ?X WHERE { Y dbo:releaseDate ?X.},"the realease date of (dbo:Song,Y) ",,2,
-,noun,release date,-,of,NounPPFrame,range,domain,1,dbo:releaseDate,dbo:Work,xsd:date,"What (xsd:date, X) is the release date/- of (dbo:Work,Y?) ",SELECT ?X WHERE { Y dbo:releaseDate ?X.},FALSE,FALSE,"List the (xsd:date, X) - of (dbo:Work,Y?) ",SELECT ?X WHERE { Y dbo:releaseDate ?X.},"the release date of (dbo:Work,Y) ",,2,
publicationDate-of,noun,publication date,-,of,NounPPFrame,range,domain,1,dbo:publicationDate,dbo:WrittenWork,xsd:date,"What (xsd:date, X) is the publication date/- of (dbo:WrittenWork,Y?) ",SELECT ?X WHERE { Y dbo:publicationDate ?X.},FALSE,FALSE,"List the (xsd:date, X) - of (dbo:WrittenWork,Y?) ",SELECT ?X WHERE { Y dbo:publicationDate ?X.},"the publication date of (dbo:WrittenWork,Y) ",,2,
numberOfPages-of,noun,number of pages,-,of,NounPPFrame,range,domain,1,dbo:numberOfPages,dbo:WrittenWork,xsd:positiveInteger,"What (xsd:positiveInteger, X) is the number of pages/- of (dbo:WrittenWork,Y?) ",SELECT ?X WHERE { Y dbo:numberOfPages ?X.},FALSE,FALSE,"List the (xsd:positiveInteger, X) - of (dbo:WrittenWork,Y?) ",SELECT ?X WHERE { Y dbo:numberOfPages ?X.},"the number of pages of (dbo:WrittenWork,Y) ",,2,
genre-of,noun,genre,genres,of,NounPPFrame,range,domain,1,dbo:genre,dbo:Work,dbo:Genre,"What (dbo:Genre, X) is the genre/genres of (dbo:Work,Y?) ",SELECT ?X WHERE { Y dbo:genre ?X.},FALSE,FALSE,"List the (dbo:Genre, X) genres of (dbo:Work,Y?) ",SELECT ?X WHERE { Y dbo:genre ?X.},"the genre of (dbo:Work,Y) ",,2,
composer-of,noun,composer,composers,of,NounPPFrame,range,domain,1,dbo:composer,dbo:Work,dbo:Person,-,SELECT ?X WHERE { Y dbo:composer ?X.},"Which person,Who (dbo:Person, X) is,was the composer of (dbo:Work,Y?) (X dbo:composer Y)",SELECT ?X WHERE { Y dbo:composer ?X.},"List the (dbo:Person, X) composers of (dbo:Work,Y?) ",SELECT ?X WHERE { Y dbo:composer ?X.},"the composer of (dbo:Work,Y) ",,2,
-,noun,composer,composers,of,NounPPFrame,range,domain,2,dbo:composer,dbo:TelevisionShow,xsd:string,-,SELECT ?X WHERE { Y dbo:composer ?X.},FALSE,FALSE,"List the (xsd:string, X) composers of (dbo:TelevisionShow,Y?) ",SELECT ?X WHERE { Y dbo:composer ?X.},"the composer of (dbo:TelevisionShow,Y) ",,2,
director-of,noun,director,directors,of,NounPPFrame,range,domain,1,dbo:director,dbo:Film,dbo:Person,-,SELECT ?X WHERE { Y dbo:director ?X.},"Which person,Who (dbo:Person, X) is,was the director of (dbo:Film,Y?) (X dbo:director Y)",SELECT ?X WHERE { Y dbo:director ?X.},"List the (dbo:Person, X) directors of (dbo:Film,Y?) ",SELECT ?X WHERE { Y dbo:director ?X.},"the director of (dbo:Film,Y) ",,2,
budget-of,noun,budget,budgets,of,NounPPFrame,range,domain,1,dbo:budget,dbo:Film,xsd:double,"What (xsd:double, X) is the budget/budgets of (dbo:Film,Y?) ",SELECT ?X WHERE { Y dbo:budget ?X.},FALSE,FALSE,"List the (xsd:double, X) budgets of (dbo:Film,Y?) ",SELECT ?X WHERE { Y dbo:budget ?X.},"the budget of (dbo:Film,Y) ",,2,
musicComposer-of,noun,music composer,music composers,of,NounPPFrame,range,domain,1,dbo:musicComposer,dbo:Film,dbo:Person,-,SELECT ?X WHERE { Y dbo:musicComposer ?X.},"Which person,Who (dbo:Person, X) is,was the music composer of (dbo:Film,Y?) (X dbo:musicComposer Y)",SELECT ?X WHERE { Y dbo:musicComposer ?X.},"List the (dbo:Person, X) music composers of (dbo:Film,Y?) ",SELECT ?X WHERE { Y dbo:musicComposer ?X.},"the music composer of (dbo:Film,Y) ",,2,
alterEgo-of,noun,elevation,-,of,NounPPFrame,range,domain,1,dbo:areaUrban,dbo: PopulatedPlace,xsd:double,"What (xsd:double, X) is the elevation/- of (dbo: PopulatedPlace,Y?) ",SELECT ?X WHERE { Y dbo:areaUrban ?X.},FALSE,FALSE,"List the (xsd:double, X) - of (dbo: PopulatedPlace,Y?) ",SELECT ?X WHERE { Y dbo:areaUrban ?X.},"the elevation of (dbo: PopulatedPlace,Y) ",,2,
areaCode_of,noun,area code,-,of,NounPPFrame,range,domain,1,dbo:areaCode,dbo:Place,xsd:string,"What (xsd:string, X) is the area code/- of (dbo:Place,Y?) ",SELECT ?X WHERE { Y dbo:areaCode ?X.},FALSE,FALSE,"List the (xsd:string, X) - of (dbo:Place,Y?) ",SELECT ?X WHERE { Y dbo:areaCode ?X.},"the area code of (dbo:Place,Y) ",,2,
artisticMovement_of,noun,artistic movement,artistic movements,of,NounPPFrame,range,domain,1,dbo:movement,dbo:Artist,owl:Thing,"What (owl:Thing, X) is the artistic movement/artistic movements of (dbo:Artist,Y?) ",SELECT ?X WHERE { Y dbo:movement ?X.},FALSE,FALSE,"List the (owl:Thing, X) artistic movements of (dbo:Artist,Y?) ",SELECT ?X WHERE { Y dbo:movement ?X.},"the artistic movement of (dbo:Artist,Y) ",,2,
author_of,noun,author,authors,of,NounPPFrame,range,domain,1,dbo:author,dbo:Work,dbo:Person,"What (dbo:Person, X) is the author/authors of (dbo:Work,Y?) ",SELECT ?X WHERE { Y dbo:author ?X.},"Which person,Who (dbo:Person, X) is,was the author of (dbo:Work,Y?) (X dbo:author Y)",SELECT ?X WHERE { Y dbo:author ?X.},"List the (dbo:Person, X) authors of (dbo:Work,Y?) ",SELECT ?X WHERE { Y dbo:author ?X.},"the author of (dbo:Work,Y) ",,2,
birthYear_of,noun,birth year,-,of,NounPPFrame,range,domain,1,dbo:birthYear,dbo:Person,xsd:gYear,"What (xsd:gYear, X) is the birth year/- of (dbo:Person,Y?) ",SELECT ?X WHERE { Y dbo:birthYear ?X.},FALSE,FALSE,"List the (xsd:gYear, X) - of (dbo:Person,Y?) ",SELECT ?X WHERE { Y dbo:birthYear ?X.},"the birth year of (dbo:Person,Y) ",,2,
causeOfDeath_of,noun,cause of death,causes of death,of ,NounPPFrame,range,domain,1,dbo:deathCause,dbo:Person,owl:Thing,"What (owl:Thing, X) is the cause of death/causes of death of  (dbo:Person,Y?) ",SELECT ?X WHERE { Y dbo:deathCause ?X.},FALSE,FALSE,"List the (owl:Thing, X) causes of death of  (dbo:Person,Y?) ",SELECT ?X WHERE { Y dbo:deathCause ?X.},"the cause of death of  (dbo:Person,Y) ",,2,
child_of,noun,child,children,of ,NounPPFrame,range,domain,1,dbo:child,dbo:Person,dbo:Person,"What (dbo:Person, X) is the child/children of  (dbo:Person,Y?) ",SELECT ?X WHERE { Y dbo:child ?X.},"Who (dbo:Person, X) is the child of  (dbo:Person,Y?) (X dbo:child Y)",SELECT ?X WHERE { Y dbo:child ?X.},"List the (dbo:Person, X) children of  (dbo:Person,Y?) ",SELECT ?X WHERE { Y dbo:child ?X.},"the child of  (dbo:Person,Y) ",,2,
cost_of,noun,cost,-,of,NounPPFrame,range,domain,1,dbo:budget,dbo:Film,xsd:double,"What (xsd:double, X) is the cost/- of (dbo:Film,Y?) ",SELECT ?X WHERE { Y dbo:budget ?X.},FALSE,FALSE,"List the (xsd:double, X) - of (dbo:Film,Y?) ",SELECT ?X WHERE { Y dbo:budget ?X.},"the cost of (dbo:Film,Y) ",,2,
currency_of,noun,currency,currencies,of,NounPPFrame,range,domain,1,dbo:currency,dbo:Country,dbo:Currency,"What (dbo:Currency, X) is the currency/currencies of (dbo:Country,Y?) ",SELECT ?X WHERE { Y dbo:currency ?X.},FALSE,FALSE,"List the (dbo:Currency, X) currencies of (dbo:Country,Y?) ",SELECT ?X WHERE { Y dbo:currency ?X.},"the currency of (dbo:Country,Y) ",,2,
deathDate-of,noun,death date,-,of,NounPPFrame,range,domain,1,dbo:deathDate,dbo:Person,xsd:date,"What (xsd:date, X) is the death date/- of (dbo:Person,Y?) ",SELECT ?X WHERE { Y dbo:deathDate ?X.},FALSE,FALSE,"List the (xsd:date, X) - of (dbo:Person,Y?) ",SELECT ?X WHERE { Y dbo:deathDate ?X.},"the death date of (dbo:Person,Y) ",,2,
developer_of,noun,developer,developers,of,NounPPFrame,range,domain,1,dbo:developer,dbo:Work,dbo:Agent,"What (dbo:Agent, X) is the developer/developers of (dbo:Work,Y?) ",SELECT ?X WHERE { Y dbo:developer ?X.},FALSE,FALSE,"List the (dbo:Agent, X) developers of (dbo:Work,Y?) ",SELECT ?X WHERE { Y dbo:developer ?X.},"the developer of (dbo:Work,Y) ",,2,
dissolutionDate_of,noun,dissolution date,-,of,NounPPFrame,range,domain,1,dbo:dissolutionDate,dbo:PopulatedPlace,xsd:date,"What (xsd:date, X) is the dissolution date/- of (dbo:PopulatedPlace,Y?) ",SELECT ?X WHERE { Y dbo:dissolutionDate ?X.},FALSE,FALSE,"List the (xsd:date, X) - of (dbo:PopulatedPlace,Y?) ",SELECT ?X WHERE { Y dbo:dissolutionDate ?X.},"the dissolution date of (dbo:PopulatedPlace,Y) ",,2,
doctoralSupervisor_of,noun,doctoral supervisor,doctoral supervisors,of,NounPPFrame,range,domain,1,dbo: doctoralAdvisor,dbo:Scientist,dbo:Person,"What (dbo:Person, X) is the doctoral supervisor/doctoral supervisors of (dbo:Scientist,Y?) ",SELECT ?X WHERE { Y dbo: doctoralAdvisor ?X.},"Who (dbo:Person, X) is the doctoral supervisor of (dbo:Scientist,Y?) (X dbo: doctoralAdvisor Y)",SELECT ?X WHERE { Y dbo: doctoralAdvisor ?X.},"List the (dbo:Person, X) doctoral supervisors of (dbo:Scientist,Y?) ",SELECT ?X WHERE { Y dbo: doctoralAdvisor ?X.},"the doctoral supervisor of (dbo:Scientist,Y) ",,2,
elevation_of,noun,elevation,-,of,NounPPFrame,range,domain,1,dbo:areaUrban,dbo:PopulatedPlace,xsd:double,"What (xsd:double, X) is the elevation/- of (dbo:PopulatedPlace,Y?) ",SELECT ?X WHERE { Y dbo:areaUrban ?X.},FALSE,FALSE,"List the (xsd:double, X) - of (dbo:PopulatedPlace,Y?) ",SELECT ?X WHERE { Y dbo:areaUrban ?X.},"the elevation of (dbo:PopulatedPlace,Y) ",,2,
episode_of,noun,episode,episodes,of,NounPPFrame,range,domain,1,dbo:series,dbo:TelevisionEpisode,dbo:TelevisionShow,"What (dbo:TelevisionShow, X) is the episode/episodes of (dbo:TelevisionEpisode,Y?) ",SELECT ?X WHERE { Y dbo:series ?X.},FALSE,FALSE,"List the (dbo:TelevisionShow, X) episodes of (dbo:TelevisionEpisode,Y?) ",SELECT ?X WHERE { Y dbo:series ?X.},"the episode of (dbo:TelevisionEpisode,Y) ",,2,
foundationPlace_of,noun,foundation place,-,of,NounPPFrame,range,domain,1,dbo:foundationPlace,dbo:Organisation,dbo:City,"What (dbo:City, X) is the foundation place/- of (dbo:Organisation,Y?) ",SELECT ?X WHERE { Y dbo:foundationPlace ?X.},FALSE,FALSE,"List the (dbo:City, X) - of (dbo:Organisation,Y?) ",SELECT ?X WHERE { Y dbo:foundationPlace ?X.},"the foundation place of (dbo:Organisation,Y) ",,2,
founder_of,noun,founder,founders,of,NounPPFrame,range,domain,1,dbo:parentCompany,dbo:Company,dbo:Company,"What (dbo:Company, X) is the founder/founders of (dbo:Company,Y?) ",SELECT ?X WHERE { Y dbo:parentCompany ?X.},FALSE,FALSE,"List the (dbo:Company, X) founders of (dbo:Company,Y?) ",SELECT ?X WHERE { Y dbo:parentCompany ?X.},"the founder of (dbo:Company,Y) ",,2,
foundingYear_of,noun,founding year,-,of,NounPPFrame,range,domain,1,dbo:foundingYear,dbo:Company,xsd:gYear,"What (xsd:gYear, X) is the founding year/- of (dbo:Company,Y?) ",SELECT ?X WHERE { Y dbo:foundingYear ?X.},FALSE,FALSE,"List the (xsd:gYear, X) - of (dbo:Company,Y?) ",SELECT ?X WHERE { Y dbo:foundingYear ?X.},"the founding year of (dbo:Company,Y) ",,2,
headquarter_of,noun,headquarter,-,of,NounPPFrame,range,domain,1,dbo:headquarter,dbo:Organisation,dbo:PopulatedPlace,"What (dbo:PopulatedPlace, X) is the headquarter/- of (dbo:Organisation,Y?) ",SELECT ?X WHERE { Y dbo:headquarter ?X.},FALSE,FALSE,"List the (dbo:PopulatedPlace, X) - of (dbo:Organisation,Y?) ",SELECT ?X WHERE { Y dbo:headquarter ?X.},"the headquarter of (dbo:Organisation,Y) ",,2,
homeStadium_of,noun,home stadium,home stadiums,of,NounPPFrame,range,domain,1,dbo:ground,dbo:SoccerClub,dbo:Building,"What (dbo:Building, X) is the home stadium/home stadiums of (dbo:SoccerClub,Y?) ",SELECT ?X WHERE { Y dbo:ground ?X.},FALSE,FALSE,"List the (dbo:Building, X) home stadiums of (dbo:SoccerClub,Y?) ",SELECT ?X WHERE { Y dbo:ground ?X.},"the home stadium of (dbo:SoccerClub,Y) ",,2,
host_of,noun,host,hosts,of,NounPPFrame,range,domain,1,dbo:presenter,dbo:TelevisionShow,dbo:Person,"What (dbo:Person, X) is the host/hosts of (dbo:TelevisionShow,Y?) ",SELECT ?X WHERE { Y dbo:presenter ?X.},"Who (dbo:Person, X) is the host of (dbo:TelevisionShow,Y?) (X dbo:presenter Y)",SELECT ?X WHERE { Y dbo:presenter ?X.},"List the (dbo:Person, X) hosts of (dbo:TelevisionShow,Y?) ",SELECT ?X WHERE { Y dbo:presenter ?X.},"the host of (dbo:TelevisionShow,Y) ",,2,
influencer_of,noun,influencer,influencers,of,NounPPFrame,range,domain,1,dbo:influenced,dbo:Person,dbo:Person,"What (dbo:Person, X) is the influencer/influencers of (dbo:Person,Y?) ",SELECT ?X WHERE { Y dbo:influenced ?X.},"Who (dbo:Person, X) is the influencer of (dbo:Person,Y?) (X dbo:influenced Y)",SELECT ?X WHERE { Y dbo:influenced ?X.},"List the (dbo:Person, X) influencers of (dbo:Person,Y?) ",SELECT ?X WHERE { Y dbo:influenced ?X.},"the influencer of (dbo:Person,Y) ",,2,
ingredient_of,noun,ingredient,ingredients,of,NounPPFrame,range,domain,1,dbo:ingredient,dbo:Food,owl:Thing,"What (owl:Thing, X) is the ingredient/ingredients of (dbo:Food,Y?) ",SELECT ?X WHERE { Y dbo:ingredient ?X.},FALSE,FALSE,"List the (owl:Thing, X) ingredients of (dbo:Food,Y?) ",SELECT ?X WHERE { Y dbo:ingredient ?X.},"the ingredient of (dbo:Food,Y) ",,2,
largestCity_of,noun,largest city,-,of,NounPPFrame,range,domain,1,dbo:largestCity,dbo:Country,dbo:City,"What (dbo:City, X) is the largest city/- of (dbo:Country,Y?) ",SELECT ?X WHERE { Y dbo:largestCity ?X.},FALSE,FALSE,"List the (dbo:City, X) - of (dbo:Country,Y?) ",SELECT ?X WHERE { Y dbo:largestCity ?X.},"the largest city of (dbo:Country,Y) ",,2,
-,noun,largest city,-,in,NounPPFrame,range,domain,1,dbo:largestCity,dbo:Country,dbo:City,"What (dbo:City, X) is the largest city/- in (dbo:Country,Y?) ",SELECT ?X WHERE { Y dbo:largestCity ?X.},FALSE,FALSE,"List the (dbo:City, X) - in (dbo:Country,Y?) ",SELECT ?X WHERE { Y dbo:largestCity ?X.},"the largest city in (dbo:Country,Y) ",,2,
leader-of,noun,leader,-,of,NounPPFrame,range,domain,1,dbo:leader,dbo:Country,dbo:Person,"What (dbo:Person, X) is the leader/- of (dbo:Country,Y?) ",SELECT ?X WHERE { Y dbo:leader ?X.},"Who (dbo:Person, X) is the leader of (dbo:Country,Y?) (X dbo:leader Y)",SELECT ?X WHERE { Y dbo:leader ?X.},"List the (dbo:Person, X) - of (dbo:Country,Y?) ",SELECT ?X WHERE { Y dbo:leader ?X.},"the leader of (dbo:Country,Y) ",,2,
location-of,noun,location,-,of,NounPPFrame,range,domain,1,dbo:location,dbo:Place,dbo:Place,"What (dbo:Place, X) is the location/- of (dbo:Place,Y?) ",SELECT ?X WHERE { Y dbo:location ?X.},FALSE,FALSE,"List the (dbo:Place, X) - of (dbo:Place,Y?) ",SELECT ?X WHERE { Y dbo:location ?X.},"the location of (dbo:Place,Y) ",,2,
-,noun,location,-,of,NounPPFrame,range,domain,1,dbo:location,dbo:Organisation,dbo:Place,"What (dbo:Place, X) is the location/- of (dbo:Organisation,Y?) ",SELECT ?X WHERE { Y dbo:location ?X.},FALSE,FALSE,"List the (dbo:Place, X) - of (dbo:Organisation,Y?) ",SELECT ?X WHERE { Y dbo:location ?X.},"the location of (dbo:Organisation,Y) ",,2,
-,noun,location,-,of,NounPPFrame,range,domain,1,dbo:location,dbo:Building,dbo:Place,"What (dbo:Place, X) is the location/- of (dbo:Building,Y?) ",SELECT ?X WHERE { Y dbo:location ?X.},FALSE,FALSE,"List the (dbo:Place, X) - of (dbo:Building,Y?) ",SELECT ?X WHERE { Y dbo:location ?X.},"the location of (dbo:Building,Y) ",,2,
manufacturer-of,noun,manufacturer,manufacturers,of,NounPPFrame,range,domain,1,dbo:manufacturer,owl:Thing,dbo:Organisation,"What (dbo:Organisation, X) is the manufacturer/manufacturers of (owl:Thing,Y?) ",SELECT ?X WHERE { Y dbo:manufacturer ?X.},FALSE,FALSE,"List the (dbo:Organisation, X) manufacturers of (owl:Thing,Y?) ",SELECT ?X WHERE { Y dbo:manufacturer ?X.},"the manufacturer of (owl:Thing,Y) ",,2,
mayor_of,noun,mayor,-,of,NounPPFrame,range,domain,1,dbo:mayor,dbo:City,dbo:Person,"What (dbo:Person, X) is the mayor/- of (dbo:City,Y?) ",SELECT ?X WHERE { Y dbo:mayor ?X.},"Who (dbo:Person, X) is the mayor of (dbo:City,Y?) (X dbo:mayor Y)",SELECT ?X WHERE { Y dbo:mayor ?X.},"List the (dbo:Person, X) - of (dbo:City,Y?) ",SELECT ?X WHERE { Y dbo:mayor ?X.},"the mayor of (dbo:City,Y) ",,2,
almaMater-of,noun,Alma Mater,Alma Maters,of,NounPPFrame,range,domain,1,dbo:almaMater,dbo:Person,dbo:EducationalInstitution,"What (dbo:EducationalInstitution, X) is the Alma Mater/Alma Maters of (dbo:Person,Y?) ",SELECT ?X WHERE { Y dbo:almaMater ?X.},FALSE,FALSE,"List the (dbo:EducationalInstitution, X) Alma Maters of (dbo:Person,Y?) ",SELECT ?X WHERE { Y dbo:almaMater ?X.},"the Alma Mater of (dbo:Person,Y) ",,2,
destination-of,noun,destination,destinations,of,NounPPFrame,range,domain,1,dbo:destination,dbo:PublicTransitSystem,dbo:PopulatedPlace,"What (dbo:PopulatedPlace, X) is the destination/destinations of (dbo:PublicTransitSystem,Y?) ",SELECT ?X WHERE { Y dbo:destination ?X.},FALSE,FALSE,"List the (dbo:PopulatedPlace, X) destinations of (dbo:PublicTransitSystem,Y?) ",SELECT ?X WHERE { Y dbo:destination ?X.},"the destination of (dbo:PublicTransitSystem,Y) ",,2,
-,noun,destination,destinations,of,NounPPFrame,range,domain,2,dbo:destination,dbo:Airplane,dbo:PopulatedPlace,"What (dbo:PopulatedPlace, X) is the destination/destinations of (dbo:Airplane,Y?) ",SELECT ?X WHERE { Y dbo:destination ?X.},FALSE,FALSE,"List the (dbo:PopulatedPlace, X) destinations of (dbo:Airplane,Y?) ",SELECT ?X WHERE { Y dbo:destination ?X.},"the destination of (dbo:Airplane,Y) ",,2,
distributor-of,noun,distributor,distributors,of,NounPPFrame,range,domain,1,dbo:distributor,dbo:Film,dbo:Organisation,"What (dbo:Organisation, X) is the distributor/distributors of (dbo:Film,Y?) ",SELECT ?X WHERE { Y dbo:distributor ?X.},FALSE,FALSE,"List the (dbo:Organisation, X) distributors of (dbo:Film,Y?) ",SELECT ?X WHERE { Y dbo:distributor ?X.},"the distributor of (dbo:Film,Y) ",,2,
gross-of,noun,gross,-,of,NounPPFrame,range,domain,1,dbo:gross,dbo:Film,xsd:double,"What (xsd:double, X) is the gross/- of (dbo:Film,Y?) ",SELECT ?X WHERE { Y dbo:gross ?X.},FALSE,FALSE,"List the (xsd:double, X) - of (dbo:Film,Y?) ",SELECT ?X WHERE { Y dbo:gross ?X.},"the gross of (dbo:Film,Y) ",,2,
productionCompany-of,noun,production company,production companies,of,NounPPFrame,range,domain,1,dbo:productionCompany,dbo:Work,dbo:Company,"What (dbo:Company, X) is the production company/production companies of (dbo:Work,Y?) ",SELECT ?X WHERE { Y dbo:productionCompany ?X.},FALSE,FALSE,"List the (dbo:Company, X) production companies of (dbo:Work,Y?) ",SELECT ?X WHERE { Y dbo:productionCompany ?X.},"the production company of (dbo:Work,Y) ",,2,
length-of,noun,length,-,of,NounPPFrame,range,domain,1,dbo:length,dbo:River,xsd:double,"What (xsd:double, X) is the length/- of (dbo:River,Y?) ",SELECT ?X WHERE { Y dbo:length ?X.},FALSE,FALSE,"List the (xsd:double, X) - of (dbo:River,Y?) ",SELECT ?X WHERE { Y dbo:length ?X.},"the length of (dbo:River,Y) ",,2,
areaTotal-of,noun,total area,-,of,NounPPFrame,range,domain,1,dbo:areaTotal,dbo:Place,xsd:double,"What (xsd:double, X) is the total area/- of (dbo:Place,Y?) ",SELECT ?X WHERE { Y dbo:areaTotal ?X.},FALSE,FALSE,"List the (xsd:double, X) - of (dbo:Place,Y?) ",SELECT ?X WHERE { Y dbo:areaTotal ?X.},"the total area of (dbo:Place,Y) ",,2,
governingBody-of,noun,governing body,governing bodies,of,NounPPFrame,range,domain,1,dbo:governingBody,dbo:Place,dbo:Organisation,"What (dbo:Organisation, X) is the governing body/governing bodies of (dbo:Place,Y?) ",SELECT ?X WHERE { Y dbo:governingBody ?X.},FALSE,FALSE,"List the (dbo:Organisation, X) governing bodies of (dbo:Place,Y?) ",SELECT ?X WHERE { Y dbo:governingBody ?X.},"the governing body of (dbo:Place,Y) ",,2,
elevation-of,noun,elevation,-,of,NounPPFrame,range,domain,1,dbo:elevation,dbo:Place,xsd:double,"What (xsd:double, X) is the elevation/- of (dbo:Place,Y?) ",SELECT ?X WHERE { Y dbo:elevation ?X.},FALSE,FALSE,"List the (xsd:double, X) - of (dbo:Place,Y?) ",SELECT ?X WHERE { Y dbo:elevation ?X.},"the elevation of (dbo:Place,Y) ",,2,
populationMetro-of,noun,population metro,population metros,of,NounPPFrame,range,domain,1,dbo:populationMetro,dbo:PopulatedPlace,xsd:nonNegativeInteger,"What (xsd:nonNegativeInteger, X) is the population metro/population metros of (dbo:PopulatedPlace,Y?) ",SELECT ?X WHERE { Y dbo:populationMetro ?X.},FALSE,FALSE,"List the (xsd:nonNegativeInteger, X) population metros of (dbo:PopulatedPlace,Y?) ",SELECT ?X WHERE { Y dbo:populationMetro ?X.},"the population metro of (dbo:PopulatedPlace,Y) ",,2,
areaUrban-of,noun,urban area,urban areas,of,NounPPFrame,range,domain,1,dbo:areaUrban,dbo:PopulatedPlace,xsd:double,"What (xsd:double, X) is the urban area/urban areas of (dbo:PopulatedPlace,Y?) ",SELECT ?X WHERE { Y dbo:areaUrban ?X.},FALSE,FALSE,"List the (xsd:double, X) urban areas of (dbo:PopulatedPlace,Y?) ",SELECT ?X WHERE { Y dbo:areaUrban ?X.},"the urban area of (dbo:PopulatedPlace,Y) ",,2,
populationDensity-of,noun,population density,-,of,NounPPFrame,range,domain,1,dbo:populationDensity,dbo:PopulatedPlace,xsd:double,"What (xsd:double, X) is the population density/- of (dbo:PopulatedPlace,Y?) ",SELECT ?X WHERE { Y dbo:populationDensity ?X.},FALSE,FALSE,"List the (xsd:double, X) - of (dbo:PopulatedPlace,Y?) ",SELECT ?X WHERE { Y dbo:populationDensity ?X.},"the population density of (dbo:PopulatedPlace,Y) ",,2,
populationTotalRanking_of,noun,total population ranking,-,of,NounPPFrame,range,domain,1,dbo:populationTotalRanking,dbo:PopulatedPlace,xsd:positiveInteger,"What (xsd:positiveInteger, X) is the total population ranking/- of (dbo:PopulatedPlace,Y?) ",SELECT ?X WHERE { Y dbo:populationTotalRanking ?X.},FALSE,FALSE,"List the (xsd:positiveInteger, X) - of (dbo:PopulatedPlace,Y?) ",SELECT ?X WHERE { Y dbo:populationTotalRanking ?X.},"the total population ranking of (dbo:PopulatedPlace,Y) ",,2,
soundRecording-of,noun,sound recording,sound recordings,of,NounPPFrame,range,domain,1,dbo:soundRecording,dbo:Work,dbo:Sound,"What (dbo:Sound, X) is the sound recording/sound recordings of (dbo:Work,Y?) ",SELECT ?X WHERE { Y dbo:soundRecording ?X.},FALSE,FALSE,"List the (dbo:Sound, X) sound recordings of (dbo:Work,Y?) ",SELECT ?X WHERE { Y dbo:soundRecording ?X.},"the sound recording of (dbo:Work,Y) ",,2,
originalName-of,noun,original name,-,of,NounPPFrame,range,domain,1,dbo:originalName ,dbo:Person,http://www.w3.org/2001/XMLSchema#string,"What (http://www.w3.org/2001/XMLSchema#string, X) is the original name/- of (dbo:Person,Y?) ",SELECT ?X WHERE { Y dbo:originalName  ?X.},FALSE,FALSE,"List the (http://www.w3.org/2001/XMLSchema#string, X) - of (dbo:Person,Y?) ",SELECT ?X WHERE { Y dbo:originalName  ?X.},"the original name of (dbo:Person,Y) ",,2,
headquarter,noun,headquarter,-,of,NounPPFrame,range,domain,1,dbo:headquarter,dbo:Organisation,dbo:PopulatedPlace,"What (dbo:PopulatedPlace, X) is the headquarter/- of (dbo:Organisation,Y?) ",SELECT ?X WHERE { Y dbo:headquarter ?X.},FALSE,FALSE,"List the (dbo:PopulatedPlace, X) - of (dbo:Organisation,Y?) ",SELECT ?X WHERE { Y dbo:headquarter ?X.},"the headquarter of (dbo:Organisation,Y) ",,2,
netIncome-of,noun,net Income,net incomes,of,NounPPFrame,range,domain,1,dbo:netIncome,dbo:Company,xsd:double,"What (xsd:double, X) is the net Income/net incomes of (dbo:Company,Y?) ",SELECT ?X WHERE { Y dbo:netIncome ?X.},FALSE,FALSE,"List the (xsd:double, X) net incomes of (dbo:Company,Y?) ",SELECT ?X WHERE { Y dbo:netIncome ?X.},"the net Income of (dbo:Company,Y) ",,2,
citizenship-of,noun,citizenship,citizenships,of,NounPPFrame,range,domain,1,dbo:citizenship,dbo:Person,dbo:Location,"What (dbo:Location, X) is the citizenship/citizenships of (dbo:Person,Y?) ",SELECT ?X WHERE { Y dbo:citizenship ?X.},FALSE,FALSE,"List the (dbo:Location, X) citizenships of (dbo:Person,Y?) ",SELECT ?X WHERE { Y dbo:citizenship ?X.},"the citizenship of (dbo:Person,Y) ",,2,
deathCause-of,noun,death cause,death causes,of,NounPPFrame,range,domain,1,dbo:deathCause,dbo:Person,dbo:disease,"What (dbo:disease, X) is the death cause/death causes of (dbo:Person,Y?) ",SELECT ?X WHERE { Y dbo:deathCause ?X.},FALSE,FALSE,"List the (dbo:disease, X) death causes of (dbo:Person,Y?) ",SELECT ?X WHERE { Y dbo:deathCause ?X.},"the death cause of (dbo:Person,Y) ",,2,
signature-of,noun,signature,-,of,NounPPFrame,range,domain,1,dbo:signature,dbo:Person,xsd:string,"What (xsd:string, X) is the signature/- of (dbo:Person,Y?) ",SELECT ?X WHERE { Y dbo:signature ?X.},FALSE,FALSE,"List the (xsd:string, X) - of (dbo:Person,Y?) ",SELECT ?X WHERE { Y dbo:signature ?X.},"the signature of (dbo:Person,Y) ",,2,
profession-of,noun,profession,professions,of,NounPPFrame,range,domain,1,dbo:profession,dbo:Person,dbo:PersonFunction,"What (dbo:PersonFunction, X) is the profession/professions of (dbo:Person,Y?) ",SELECT ?X WHERE { Y dbo:profession ?X.},FALSE,FALSE,"List the (dbo:PersonFunction, X) professions of (dbo:Person,Y?) ",SELECT ?X WHERE { Y dbo:profession ?X.},"the profession of (dbo:Person,Y) ",,2,
recordLabel-of,noun,record label,record labels,of,NounPPFrame,range,domain,1,dbo:recordLabel,dbo:Work,dbo:RecordLabel,"What (dbo:RecordLabel, X) is the record label/record labels of (dbo:Work,Y?) ",SELECT ?X WHERE { Y dbo:recordLabel ?X.},FALSE,FALSE,"List the (dbo:RecordLabel, X) record labels of (dbo:Work,Y?) ",SELECT ?X WHERE { Y dbo:recordLabel ?X.},"the record label of (dbo:Work,Y) ",,2,
previousWork-of,noun,previous work,previous works,of,NounPPFrame,range,domain,1,dbo:previousWork,dbo:Work,dbo:Work,"What (dbo:Work, X) is the previous work/previous works of (dbo:Work,Y?) ",SELECT ?X WHERE { Y dbo:previousWork ?X.},FALSE,FALSE,"List the (dbo:Work, X) previous works of (dbo:Work,Y?) ",SELECT ?X WHERE { Y dbo:previousWork ?X.},"the previous work of (dbo:Work,Y) ",,2,
subsequentWork-of,noun,subsequent work,-,of,NounPPFrame,range,domain,1,dbo:subsequentWork,dbo:Work,dbo:Work,"What (dbo:Work, X) is the subsequent work/- of (dbo:Work,Y?) ",SELECT ?X WHERE { Y dbo:subsequentWork ?X.},FALSE,FALSE,"List the (dbo:Work, X) - of (dbo:Work,Y?) ",SELECT ?X WHERE { Y dbo:subsequentWork ?X.},"the subsequent work of (dbo:Work,Y) ",,2,
dissolutionDate-of,noun,dissolution date,-,of,NounPPFrame,range,domain,1,dbo:DissolutionDate,dbo:PopulatedPlace,xsd:date,"What (xsd:date, X) is the dissolution date/- of (dbo:PopulatedPlace,Y?) ",SELECT ?X WHERE { Y dbo:DissolutionDate ?X.},FALSE,FALSE,"List the (xsd:date, X) - of (dbo:PopulatedPlace,Y?) ",SELECT ?X WHERE { Y dbo:DissolutionDate ?X.},"the dissolution date of (dbo:PopulatedPlace,Y) ",,2,
wife-of,noun,wife,wives,of,NounPPFrame,range,domain,1,dbo:spouse,dbo:Person,dbo:Person,-,SELECT ?X WHERE { Y dbo:spouse ?X.},"Which person,Who (dbo:Person, X) is,was the wife of (dbo:Person,Y?) (X dbo:spouse Y)",SELECT ?X WHERE { Y dbo:spouse ?X.},"List the (dbo:Person, X) wives of (dbo:Person,Y?) ",SELECT ?X WHERE { Y dbo:spouse ?X.},"the wife of (dbo:Person,Y) ",,2,
producer-of,noun,producer,producers,of,NounPPFrame,range,domain,1,dbo:producer,dbo:Film,dbo:Person,-,SELECT ?X WHERE { Y dbo:producer ?X.},"Which person,Who (dbo:Person, X) is,was the producer of (dbo:Film,Y?) (X dbo:producer Y)",SELECT ?X WHERE { Y dbo:producer ?X.},"List the (dbo:Person, X) producers of (dbo:Film,Y?) ",SELECT ?X WHERE { Y dbo:producer ?X.},"the producer of (dbo:Film,Y) ",,2,
narrator-of,noun,narrator,narrators,of,NounPPFrame,range,domain,1,dbo:narrator,dbo:Work,dbo:Person,-,SELECT ?X WHERE { Y dbo:narrator ?X.},"Which person,Who (dbo:Person, X) is,was the narrator of (dbo:Work,Y?) (X dbo:narrator Y)",SELECT ?X WHERE { Y dbo:narrator ?X.},"List the (dbo:Person, X) narrators of (dbo:Work,Y?) ",SELECT ?X WHERE { Y dbo:narrator ?X.},"the narrator of (dbo:Work,Y) ",,2,
portrayer-of,noun,portrayer,portrayers,of,NounPPFrame,range,domain,1,dbo:portrayer,dbo:FictionalCharacter,dbo:Person,-,SELECT ?X WHERE { Y dbo:portrayer ?X.},"Which person,Who (dbo:Person, X) is,was the portrayer of (dbo:FictionalCharacter,Y?) (X dbo:portrayer Y)",SELECT ?X WHERE { Y dbo:portrayer ?X.},"List the (dbo:Person, X) portrayers of (dbo:FictionalCharacter,Y?) ",SELECT ?X WHERE { Y dbo:portrayer ?X.},"the portrayer of (dbo:FictionalCharacter,Y) ",,2,
stateOfOrigin-of,noun,origin,-,of,NounPPFrame,range,domain,1,dbo:stateOfOrigin,dbo:Person,dbo:Country,"What (dbo:Country, X) is the origin/- of (dbo:Person,Y?) ",SELECT ?X WHERE { Y dbo:stateOfOrigin ?X.},FALSE,FALSE,"List the (dbo:Country, X) - of (dbo:Person,Y?) ",SELECT ?X WHERE { Y dbo:stateOfOrigin ?X.},"the origin of (dbo:Person,Y) ",,2,
mostKnownWorks-of,noun,most known work,-,of,NounPPFrame,range,domain,1,dbo:knownFor,dbo:Person,dbo:Work,"What (dbo:Work, X) is the most known work/- of (dbo:Person,Y?) ",SELECT ?X WHERE { Y dbo:knownFor ?X.},FALSE,FALSE,"List the (dbo:Work, X) - of (dbo:Person,Y?) ",SELECT ?X WHERE { Y dbo:knownFor ?X.},"the most known work of (dbo:Person,Y) ",,2,
education-of,noun,education,-,of,NounPPFrame,range,domain,1,dbo:education,dbo:Person,xsd:string,"What (xsd:string, X) is the education/- of (dbo:Person,Y?) ",SELECT ?X WHERE { Y dbo:education ?X.},FALSE,FALSE,"List the (xsd:string, X) - of (dbo:Person,Y?) ",SELECT ?X WHERE { Y dbo:education ?X.},"the education of (dbo:Person,Y) ",,2,
runtimeSeconds-of,noun,runtime in seconds,-,of,NounPPFrame,range,domain,1,dbo:runtime,dbo:Work,xsd:double,"What (xsd:double, X) is the runtime in seconds/- of (dbo:Work,Y?) ",SELECT ?X WHERE { Y dbo:runtime ?X.},FALSE,FALSE,"List the (xsd:double, X) - of (dbo:Work,Y?) ",SELECT ?X WHERE { Y dbo:runtime ?X.},"the runtime in seconds of (dbo:Work,Y) ",,2,
writer-of,noun,writer,-,of,NounPPFrame,range,domain,1,dbo:writer,dbo:Work,dbo:Person,"What (dbo:Person, X) is the writer/- of (dbo:Work,Y?) ",SELECT ?X WHERE { Y dbo:writer ?X.},"Which person,Who (dbo:Person, X) is,was the writer of (dbo:Work,Y?) (X dbo:writer Y)",SELECT ?X WHERE { Y dbo:writer ?X.},"List the (dbo:Person, X) - of (dbo:Work,Y?) ",SELECT ?X WHERE { Y dbo:writer ?X.},"the writer of (dbo:Work,Y) ",,2,
-,noun,predecessor,predecessors,of,NounPPFrame,range,domain,2,dbo:predecessor,dbo:Company,dbo:Company,"What (dbo:Company, X) is the predecessor/predecessors of (dbo:Company,Y?) ",SELECT ?X WHERE { Y dbo:predecessor ?X.},FALSE,FALSE,"List the (dbo:Company, X) predecessors of (dbo:Company,Y?) ",SELECT ?X WHERE { Y dbo:predecessor ?X.},"the predecessor of (dbo:Company,Y) ",,2,
foundingDate-of,noun,founding date ,-,of,NounPPFrame,range,domain,1,dbo:foundingDate,dbo:Organisation,xsd:date,"What (xsd:date, X) is the founding date /- of (dbo:Organisation,Y?) ",SELECT ?X WHERE { Y dbo:foundingDate ?X.},FALSE,FALSE,"List the (xsd:date, X) - of (dbo:Organisation,Y?) ",SELECT ?X WHERE { Y dbo:foundingDate ?X.},"the founding date  of (dbo:Organisation,Y) ",,2,
assets-of,noun,assets,-,of,NounPPFrame,range,domain,1,dbo:assets,dbo:Company,xsd:double,"What (xsd:double, X) is the assets/- of (dbo:Company,Y?) ",SELECT ?X WHERE { Y dbo:assets ?X.},FALSE,FALSE,"List the (xsd:double, X) - of (dbo:Company,Y?) ",SELECT ?X WHERE { Y dbo:assets ?X.},"the assets of (dbo:Company,Y) ",,2,
numberOfEmployees,noun,number of employees,-,of ,NounPPFrame,range,domain,1,dbo:numberOfEmployees,dbo:Organisation,xsd:nonNegativeInteger,"What (xsd:nonNegativeInteger, X) is the number of employees/- of  (dbo:Organisation,Y?) ",SELECT ?X WHERE { Y dbo:numberOfEmployees ?X.},FALSE,FALSE,"List the (xsd:nonNegativeInteger, X) - of  (dbo:Organisation,Y?) ",SELECT ?X WHERE { Y dbo:numberOfEmployees ?X.},"the number of employees of  (dbo:Organisation,Y) ",,2,
operatingIncome-of,noun,operating income,-,of,NounPPFrame,range,domain,1,dbo:operatingIncome,dbo:Company,xsd:double,"What (xsd:double, X) is the operating income/- of (dbo:Company,Y?) ",SELECT ?X WHERE { Y dbo:operatingIncome ?X.},FALSE,FALSE,"List the (xsd:double, X) - of (dbo:Company,Y?) ",SELECT ?X WHERE { Y dbo:operatingIncome ?X.},"the operating income of (dbo:Company,Y) ",,2,
area-in-m²-of,noun,area in m²,areas in m²,of,NounPPFrame,range,domain,1,dbo:area,dbo:Place,xsd:double,"What (xsd:double, X) is the area in m²/areas in m² of (dbo:Place,Y?) ",SELECT ?X WHERE { Y dbo:area ?X.},FALSE,FALSE,"List the (xsd:double, X) areas in m² of (dbo:Place,Y?) ",SELECT ?X WHERE { Y dbo:area ?X.},"the area in m² of (dbo:Place,Y) ",,2,
currency-of,noun,currency,-,of,NounPPFrame,range,domain,1,dbo:currency,dbo:Country,dbo:Currency,"What (dbo:Currency, X) is the currency/- of (dbo:Country,Y?) ",SELECT ?X WHERE { Y dbo:currency ?X.},FALSE,FALSE,"List the (dbo:Currency, X) - of (dbo:Country,Y?) ",SELECT ?X WHERE { Y dbo:currency ?X.},"the currency of (dbo:Country,Y) ",,2,
foundingYear-of,noun,founding year,-,of,NounPPFrame,range,domain,1,dbo:foundingYear,dbo:Country,xsd:gYear,"What (xsd:gYear, X) is the founding year/- of (dbo:Country,Y?) ",SELECT ?X WHERE { Y dbo:foundingYear ?X.},FALSE,FALSE,"List the (xsd:gYear, X) - of (dbo:Country,Y?) ",SELECT ?X WHERE { Y dbo:foundingYear ?X.},"the founding year of (dbo:Country,Y) ",,2,
deathDate-of,noun,death date,-,of,NounPPFrame,range,domain,1,dbo:deathDate,dbo:Person,xsd:date,"What (xsd:date, X) is the death date/- of (dbo:Person,Y?) ",SELECT ?X WHERE { Y dbo:deathDate ?X.},FALSE,FALSE,"List the (xsd:date, X) - of (dbo:Person,Y?) ",SELECT ?X WHERE { Y dbo:deathDate ?X.},"the death date of (dbo:Person,Y) ",,2,
endowment-of,noun,endowment,-,of,NounPPFrame,range,domain,1,dbo:endowment,dbo:Organisation,xsd:double,"What (xsd:double, X) is the endowment/- of (dbo:Organisation,Y?) ",SELECT ?X WHERE { Y dbo:endowment ?X.},FALSE,FALSE,"List the (xsd:double, X) - of (dbo:Organisation,Y?) ",SELECT ?X WHERE { Y dbo:endowment ?X.},"the endowment of (dbo:Organisation,Y) ",,2,
area-of,noun,area,-,of,NounPPFrame,range,domain,1,dbo:area,dbo:Organisation,xsd:double,"What (xsd:double, X) is the area/- of (dbo:Organisation,Y?) ",SELECT ?X WHERE { Y dbo:area ?X.},FALSE,FALSE,"List the (xsd:double, X) - of (dbo:Organisation,Y?) ",SELECT ?X WHERE { Y dbo:area ?X.},"the area of (dbo:Organisation,Y) ",,2,
networth-of,noun,networth,-,of,NounPPFrame,range,domain,1,dbo:networth,dbo:Person,xsd:double,"What (xsd:double, X) is the networth/- of (dbo:Person,Y?) ",SELECT ?X WHERE { Y dbo:networth ?X.},FALSE,FALSE,"List the (xsd:double, X) - of (dbo:Person,Y?) ",SELECT ?X WHERE { Y dbo:networth ?X.},"the networth of (dbo:Person,Y) ",,2,
parent-of,noun,parent,parents,of,NounPPFrame,range,domain,1,dbo:parent,dbo:Person,dbo:Person,"What (dbo:Person, X) is the parent/parents of (dbo:Person,Y?) ",SELECT ?X WHERE { Y dbo:parent ?X.},"Which person,Who (dbo:Person, X) is,was the parent of (dbo:Person,Y?) (X dbo:parent Y)",SELECT ?X WHERE { Y dbo:parent ?X.},"List the (dbo:Person, X) parents of (dbo:Person,Y?) ",SELECT ?X WHERE { Y dbo:parent ?X.},"the parent of (dbo:Person,Y) ",,2,
averageDepth-of,noun,average depth,-,of,NounPPFrame,range,domain,1,dbo:averageDepth,dbo:Place,xsd:double,"What (xsd:double, X) is the average depth/- of (dbo:Place,Y?) ",SELECT ?X WHERE { Y dbo:averageDepth ?X.},FALSE,FALSE,"List the (xsd:double, X) - of (dbo:Place,Y?) ",SELECT ?X WHERE { Y dbo:averageDepth ?X.},"the average depth of (dbo:Place,Y) ",,2,
maximumDepth-of,noun,maximum depth,-,of,NounPPFrame,range,domain,1,dbo:maximumDepth,dbo:Place,xsd:double,"What (xsd:double, X) is the maximum depth/- of (dbo:Place,Y?) ",SELECT ?X WHERE { Y dbo:maximumDepth ?X.},FALSE,FALSE,"List the (xsd:double, X) - of (dbo:Place,Y?) ",SELECT ?X WHERE { Y dbo:maximumDepth ?X.},"the maximum depth of (dbo:Place,Y) ",,2,
shoreLength-of,noun,shore length,-,of,NounPPFrame,range,domain,1,dbo:shoreLength,dbo:BodyOfWater,xsd:double,"What (xsd:double, X) is the shore length/- of (dbo:BodyOfWater,Y?) ",SELECT ?X WHERE { Y dbo:shoreLength ?X.},FALSE,FALSE,"List the (xsd:double, X) - of (dbo:BodyOfWater,Y?) ",SELECT ?X WHERE { Y dbo:shoreLength ?X.},"the shore length of (dbo:BodyOfWater,Y) ",,2,
volume-of,noun,volume,-,of,NounPPFrame,range,domain,1,dbo:volume,dbo:BodyOfWater,xsd:double,"What (xsd:double, X) is the volume/- of (dbo:BodyOfWater,Y?) ",SELECT ?X WHERE { Y dbo:volume ?X.},FALSE,FALSE,"List the (xsd:double, X) - of (dbo:BodyOfWater,Y?) ",SELECT ?X WHERE { Y dbo:volume ?X.},"the volume of (dbo:BodyOfWater,Y) ",,2,
width-of,noun,width,-,of,NounPPFrame,range,domain,1,dbo:width,dbo:BodyOfWater,xsd:double,"What (xsd:double, X) is the width/- of (dbo:BodyOfWater,Y?) ",SELECT ?X WHERE { Y dbo:width ?X.},FALSE,FALSE,"List the (xsd:double, X) - of (dbo:BodyOfWater,Y?) ",SELECT ?X WHERE { Y dbo:width ?X.},"the width of (dbo:BodyOfWater,Y) ",,2,
totalArea-of,noun,total area,-,of,NounPPFrame,range,domain,1,dbo:areaTotal,dbo:Place,xsd:double,"What (xsd:double, X) is the total area/- of (dbo:Place,Y?) ",SELECT ?X WHERE { Y dbo:areaTotal ?X.},FALSE,FALSE,"List the (xsd:double, X) - of (dbo:Place,Y?) ",SELECT ?X WHERE { Y dbo:areaTotal ?X.},"the total area of (dbo:Place,Y) ",,2,
parentCompany-of,noun,parent company,parent companies,of,NounPPFrame,range,domain,1,dbo:parentCompany,dbo:Company,dbo:Company,"What (dbo:Company, X) is the parent company/parent companies of (dbo:Company,Y?) ",SELECT ?X WHERE { Y dbo:parentCompany ?X.},FALSE,FALSE,"List the (dbo:Company, X) parent companies of (dbo:Company,Y?) ",SELECT ?X WHERE { Y dbo:parentCompany ?X.},"the parent company of (dbo:Company,Y) ",,2,
service-of,noun,service,services,of,NounPPFrame,range,domain,1,dbo:service,dbo:Organisation,dbo:PersonFunction,"What (dbo:PersonFunction, X) is the service/services of (dbo:Organisation,Y?) ",SELECT ?X WHERE { Y dbo:service ?X.},FALSE,FALSE,"List the (dbo:PersonFunction, X) services of (dbo:Organisation,Y?) ",SELECT ?X WHERE { Y dbo:service ?X.},"the service of (dbo:Organisation,Y) ",,2,
movie-of,noun,movie,movies,of,NounPPFrame,range,domain,1,dbo:Person,dbo:Person,dbo:Work,"What (dbo:Work, X) is the movie/movies of (dbo:Person,Y?) ",SELECT ?X WHERE { Y dbo:Person ?X.},FALSE,FALSE,"List the (dbo:Work, X) movies of (dbo:Person,Y?) ",SELECT ?X WHERE { Y dbo:Person ?X.},"the movie of (dbo:Person,Y) ",,,
runtimeMinutes-of,noun,runtime in minutes,-,of,NounPPFrame,range,domain,1,dbo:Work/runtime,dbo:Work,http://dbpedia.org/datatype/minute,"What (http://dbpedia.org/datatype/minute, X) is the runtime in minutes/- of (dbo:Work,Y?) ",SELECT ?X WHERE { Y dbo:Work/runtime ?X.},FALSE,FALSE,"List the (http://dbpedia.org/datatype/minute, X) - of (dbo:Work,Y?) ",SELECT ?X WHERE { Y dbo:Work/runtime ?X.},"the runtime in minutes of (dbo:Work,Y) ",,,
awards-of,noun,award,-,of,NounPPFrame,range,domain,1,dbo:award,dbo:Work,dbo:award,"What (dbo:award, X) is the award/- of (dbo:Work,Y?) ",SELECT ?X WHERE { Y dbo:award ?X.},FALSE,FALSE,"List the (dbo:award, X) - of (dbo:Work,Y?) ",SELECT ?X WHERE { Y dbo:award ?X.},"the award of (dbo:Work,Y) ",,,
producer-of,noun,producer,-,of,NounPPFrame,range,domain,2,dbo:producer,dbo:Song,dbo:Person,"What (dbo:Person, X) is the producer/- of (dbo:Song,Y?) ",SELECT ?X WHERE { Y dbo:producer ?X.},"Which person,Who (dbo:Person, X) is,was the producer of (dbo:Song,Y?) (X dbo:producer Y)",SELECT ?X WHERE { Y dbo:producer ?X.},"List the (dbo:Person, X) - of (dbo:Song,Y?) ",SELECT ?X WHERE { Y dbo:producer ?X.},"the producer of (dbo:Song,Y) ",,,
bside-of,noun,B-side,-,of,NounPPFrame,range,domain,1,dbo:bsSde,dbo:Song,xsd:string,"What (xsd:string, X) is the B-side/- of (dbo:Song,Y?) ",SELECT ?X WHERE { Y dbo:bsSde ?X.},FALSE,FALSE,"List the (xsd:string, X) - of (dbo:Song,Y?) ",SELECT ?X WHERE { Y dbo:bsSde ?X.},"the B-side of (dbo:Song,Y) ",,,
releaseType-of,noun,realease type,-,of,NounPPFrame,range,domain,1,dbo:type,dbo:Song,xsd:string,"What (xsd:string, X) is the realease type/- of (dbo:Song,Y?) ",SELECT ?X WHERE { Y dbo:type ?X.},FALSE,FALSE,"List the (xsd:string, X) - of (dbo:Song,Y?) ",SELECT ?X WHERE { Y dbo:type ?X.},"the realease type of (dbo:Song,Y) ",,,
aside-of,noun,A-side,-,of,NounPPFrame,range,domain,1,dbo:aSide,dbo:Song,xsd:string,"What (xsd:string, X) is the A-side/- of (dbo:Song,Y?) ",SELECT ?X WHERE { Y dbo:aSide ?X.},FALSE,FALSE,"List the (xsd:string, X) - of (dbo:Song,Y?) ",SELECT ?X WHERE { Y dbo:aSide ?X.},"the A-side of (dbo:Song,Y) ",,,
literaryGenre-of,noun,literary genre,-,of,NounPPFrame,range,domain,2,dbo:literaryGenre,dbo:WrittenWork,dbo:literaryGenre,"What (dbo:literaryGenre, X) is the literary genre/- of (dbo:WrittenWork,Y?) ",SELECT ?X WHERE { Y dbo:literaryGenre ?X.},FALSE,FALSE,"List the (dbo:literaryGenre, X) - of (dbo:WrittenWork,Y?) ",SELECT ?X WHERE { Y dbo:literaryGenre ?X.},"the literary genre of (dbo:WrittenWork,Y) ",,,
language-of,noun,language,-,of,NounPPFrame,range,domain,1,dbo:language,dbo:WrittenWork,dbo:Language,"What (dbo:Language, X) is the language/- of (dbo:WrittenWork,Y?) ",SELECT ?X WHERE { Y dbo:language ?X.},FALSE,FALSE,"List the (dbo:Language, X) - of (dbo:WrittenWork,Y?) ",SELECT ?X WHERE { Y dbo:language ?X.},"the language of (dbo:WrittenWork,Y) ",,,
language-of,noun,language,-,of,NounPPFrame,range,domain,2,dbo:language,dbo:organisation,dbo:Language,"What (dbo:Language, X) is the language/- of (dbo:organisation,Y?) ",SELECT ?X WHERE { Y dbo:language ?X.},FALSE,FALSE,"List the (dbo:Language, X) - of (dbo:organisation,Y?) ",SELECT ?X WHERE { Y dbo:language ?X.},"the language of (dbo:organisation,Y) ",,,
publisher-of,noun,publisher,-,of,NounPPFrame,range,domain,2,dbo:publisher,dbo:WrittenWork,dbo:Agent,"What (dbo:Agent, X) is the publisher/- of (dbo:WrittenWork,Y?) ",SELECT ?X WHERE { Y dbo:publisher ?X.},FALSE,FALSE,"List the (dbo:Agent, X) - of (dbo:WrittenWork,Y?) ",SELECT ?X WHERE { Y dbo:publisher ?X.},"the publisher of (dbo:WrittenWork,Y) ",,,
mediaType-of,noun,media type,-,of,NounPPFrame,range,domain,1,dbo:mediaType,dbo:WrittenWork,dbo:mediaType,"What (dbo:mediaType, X) is the media type/- of (dbo:WrittenWork,Y?) ",SELECT ?X WHERE { Y dbo:mediaType ?X.},FALSE,FALSE,"List the (dbo:mediaType, X) - of (dbo:WrittenWork,Y?) ",SELECT ?X WHERE { Y dbo:mediaType ?X.},"the media type of (dbo:WrittenWork,Y) ",,,
series-of,noun,series,-,of,NounPPFrame,range,domain,1,dbo:series,dbo:WrittenWork,dbo:series,"What (dbo:series, X) is the series/- of (dbo:WrittenWork,Y?) ",SELECT ?X WHERE { Y dbo:series ?X.},FALSE,FALSE,"List the (dbo:series, X) - of (dbo:WrittenWork,Y?) ",SELECT ?X WHERE { Y dbo:series ?X.},"the series of (dbo:WrittenWork,Y) ",,,
colour-of,noun,colour,-,of,NounPPFrame,range,domain,1,dbo:colour,dbo:PoliticalParty,dbo:Colour,"What (dbo:Colour, X) is the colour/- of (dbo:PoliticalParty,Y?) ",SELECT ?X WHERE { Y dbo:colour ?X.},FALSE,FALSE,"List the (dbo:Colour, X) - of (dbo:PoliticalParty,Y?) ",SELECT ?X WHERE { Y dbo:colour ?X.},"the colour of (dbo:PoliticalParty,Y) ",,,
movie/show-of,noun,movie or show,movies or shows,of,NounPPFrame,range,domain,1,dbo:starring,dbo:Actor,dbo:Work,"What (dbo:Work, X) is the movie or show/movies or shows of (dbo:Actor,Y?) ",SELECT ?X WHERE { Y dbo:starring ?X.},FALSE,FALSE,"List the (dbo:Work, X) movies or shows of (dbo:Actor,Y?) ",SELECT ?X WHERE { Y dbo:starring ?X.},"the movie or show of (dbo:Actor,Y) ",,,
membership-of,noun,membership,-,of,NounPPFrame,range,domain,1,dbo:membership,dbo:Organisation,rdf:langString,"What (rdf:langString, X) is the membership/- of (dbo:Organisation,Y?) ",SELECT ?X WHERE { Y dbo:membership ?X.},FALSE,FALSE,"List the (rdf:langString, X) - of (dbo:Organisation,Y?) ",SELECT ?X WHERE { Y dbo:membership ?X.},"the membership of (dbo:Organisation,Y) ",,,
purpose-of,noun,purpose,-,of,NounPPFrame,range,domain,1,dbo:purpose,dbo:Organisation,xsd:string,"What (xsd:string, X) is the purpose/- of (dbo:Organisation,Y?) ",SELECT ?X WHERE { Y dbo:purpose ?X.},FALSE,FALSE,"List the (xsd:string, X) - of (dbo:Organisation,Y?) ",SELECT ?X WHERE { Y dbo:purpose ?X.},"the purpose of (dbo:Organisation,Y) ",,,
revenueYear-of,noun,year of reported revenue,-,of,NounPPFrame,range,domain,1,dbo:revenueYear,dbo:Organisation,xsd:gYear,"What (xsd:gYear, X) is the year of reported revenue/- of (dbo:Organisation,Y?) ",SELECT ?X WHERE { Y dbo:revenueYear ?X.},FALSE,FALSE,"List the (xsd:gYear, X) - of (dbo:Organisation,Y?) ",SELECT ?X WHERE { Y dbo:revenueYear ?X.},"the year of reported revenue of (dbo:Organisation,Y) ",,,
anthem-of,noun,anthem,anthems,of,NounPPFrame,range,domain,1,dbo:anthem,dbo:Country,xsd:string,"What (xsd:string, X) is the anthem/anthems of (dbo:Country,Y?) ",SELECT ?X WHERE { Y dbo:anthem ?X.},FALSE,FALSE,"List the (xsd:string, X) anthems of (dbo:Country,Y?) ",SELECT ?X WHERE { Y dbo:anthem ?X.},"the anthem of (dbo:Country,Y) ",,,
currencyCode-of,noun,currency code,-,of,NounPPFrame,range,domain,1,dbo:currencyCode,dbo:currency,xsd:string,"What (xsd:string, X) is the currency code/- of (dbo:currency,Y?) ",SELECT ?X WHERE { Y dbo:currencyCode ?X.},FALSE,FALSE,"List the (xsd:string, X) - of (dbo:currency,Y?) ",SELECT ?X WHERE { Y dbo:currencyCode ?X.},"the currency code of (dbo:currency,Y) ",,,
demonym-of,noun,demonym ,-,of,NounPPFrame,range,domain,1,dbo:demonym,dbo:Country,xsd:string,"What (xsd:string, X) is the demonym /- of (dbo:Country,Y?) ",SELECT ?X WHERE { Y dbo:demonym ?X.},FALSE,FALSE,"List the (xsd:string, X) - of (dbo:Country,Y?) ",SELECT ?X WHERE { Y dbo:demonym ?X.},"the demonym  of (dbo:Country,Y) ",,,
event-in,noun,event,events,in,NounPPFrame,range,domain,1,dbo:event,dbo:Country,xsd:string,"What (xsd:string, X) is the event/events in (dbo:Country,Y?) ",SELECT ?X WHERE { Y dbo:event ?X.},FALSE,FALSE,"List the (xsd:string, X) events in (dbo:Country,Y?) ",SELECT ?X WHERE { Y dbo:event ?X.},"the event in (dbo:Country,Y) ",,,
giniCoefficient-of,noun,gini coefficient,-,of,NounPPFrame,range,domain,1,dbo:giniCoefficient,dbo:Country,xsd:double,"What (xsd:double, X) is the gini coefficient/- of (dbo:Country,Y?) ",SELECT ?X WHERE { Y dbo:giniCoefficient ?X.},FALSE,FALSE,"List the (xsd:double, X) - of (dbo:Country,Y?) ",SELECT ?X WHERE { Y dbo:giniCoefficient ?X.},"the gini coefficient of (dbo:Country,Y) ",,,
house-of,noun,house,-,of,NounPPFrame,range,domain,1,dbo:house,dbo:Country,xsd:double,"What (xsd:double, X) is the house/- of (dbo:Country,Y?) ",SELECT ?X WHERE { Y dbo:house ?X.},FALSE,FALSE,"List the (xsd:double, X) - of (dbo:Country,Y?) ",SELECT ?X WHERE { Y dbo:house ?X.},"the house of (dbo:Country,Y) ",,,
country-of,noun,country,-,of,NounPPFrame,range,domain,1,dbo:Country,dbo:City,xsd:string,"What (xsd:string, X) is the country/- of (dbo:City,Y?) ",SELECT ?X WHERE { Y dbo:Country ?X.},FALSE,FALSE,"List the (xsd:string, X) - of (dbo:City,Y?) ",SELECT ?X WHERE { Y dbo:Country ?X.},"the country of (dbo:City,Y) ",,,
leaderName-of,noun,leader name,-,of,NounPPFrame,range,domain,1,dbo:leaderName,dbo:City,xsd:string,"What (xsd:string, X) is the leader name/- of (dbo:City,Y?) ",SELECT ?X WHERE { Y dbo:leaderName ?X.},FALSE,FALSE,"List the (xsd:string, X) - of (dbo:City,Y?) ",SELECT ?X WHERE { Y dbo:leaderName ?X.},"the leader name of (dbo:City,Y) ",,,
leaderTitle-of,noun,leader title ,-,of,NounPPFrame,range,domain,1,dbo:leaderTitle,dbo:leader,xsd:string,"What (xsd:string, X) is the leader title /- of (dbo:leader,Y?) ",SELECT ?X WHERE { Y dbo:leaderTitle ?X.},FALSE,FALSE,"List the (xsd:string, X) - of (dbo:leader,Y?) ",SELECT ?X WHERE { Y dbo:leaderTitle ?X.},"the leader title  of (dbo:leader,Y) ",,,
licenseNumber-of,noun,license number,-,of,NounPPFrame,range,domain,1,dbo:licenseNumber,dbo:City,xsd:string,"What (xsd:string, X) is the license number/- of (dbo:City,Y?) ",SELECT ?X WHERE { Y dbo:licenseNumber ?X.},FALSE,FALSE,"List the (xsd:string, X) - of (dbo:City,Y?) ",SELECT ?X WHERE { Y dbo:licenseNumber ?X.},"the license number of (dbo:City,Y) ",,,
motto-of,noun,motto,-,of,NounPPFrame,range,domain,1,dbo:motto,dbo:City,xsd:string,"What (xsd:string, X) is the motto/- of (dbo:City,Y?) ",SELECT ?X WHERE { Y dbo:motto ?X.},FALSE,FALSE,"List the (xsd:string, X) - of (dbo:City,Y?) ",SELECT ?X WHERE { Y dbo:motto ?X.},"the motto of (dbo:City,Y) ",,,
-,noun,motto,-,of,NounPPFrame,range,domain,2,dbo:motto,dbo:Public_univerity,xsd:string,"What (xsd:string, X) is the motto/- of (dbo:Public_univerity,Y?) ",SELECT ?X WHERE { Y dbo:motto ?X.},FALSE,FALSE,"List the (xsd:string, X) - of (dbo:Public_univerity,Y?) ",SELECT ?X WHERE { Y dbo:motto ?X.},"the motto of (dbo:Public_univerity,Y) ",,,
percentageOfAreaWater-of,noun,percentage of area water,-,of,NounPPFrame,range,domain,1,dbo:percentageOfAreaWater,dbo:City,xsd:double,"What (xsd:double, X) is the percentage of area water/- of (dbo:City,Y?) ",SELECT ?X WHERE { Y dbo:percentageOfAreaWater ?X.},FALSE,FALSE,"List the (xsd:double, X) - of (dbo:City,Y?) ",SELECT ?X WHERE { Y dbo:percentageOfAreaWater ?X.},"the percentage of area water of (dbo:City,Y) ",,,
subdivision-of,noun,subdivision,subdivisions,of,NounPPFrame,range,domain,1,dbo:subdivision,dbo:City,xsd:string,"What (xsd:string, X) is the subdivision/subdivisions of (dbo:City,Y?) ",SELECT ?X WHERE { Y dbo:subdivision ?X.},FALSE,FALSE,"List the (xsd:string, X) subdivisions of (dbo:City,Y?) ",SELECT ?X WHERE { Y dbo:subdivision ?X.},"the subdivision of (dbo:City,Y) ",,,
timeZone-of,noun,time zone,time zones,of,NounPPFrame,range,domain,1,dbo:timezone,dbo:City,xsd:string,"What (xsd:string, X) is the time zone/time zones of (dbo:City,Y?) ",SELECT ?X WHERE { Y dbo:timezone ?X.},FALSE,FALSE,"List the (xsd:string, X) time zones of (dbo:City,Y?) ",SELECT ?X WHERE { Y dbo:timezone ?X.},"the time zone of (dbo:City,Y) ",,,
-,noun,time zone,time zones,of,NounPPFrame,range,domain,2,dbo:timezone,dbo:Country,xsd:string,"What (xsd:string, X) is the time zone/time zones of (dbo:Country,Y?) ",SELECT ?X WHERE { Y dbo:timezone ?X.},FALSE,FALSE,"List the (xsd:string, X) time zones of (dbo:Country,Y?) ",SELECT ?X WHERE { Y dbo:timezone ?X.},"the time zone of (dbo:Country,Y) ",,,
child-of,noun,child,children,of,NounPPFrame,range,domain,1,dbo:child,dbo:Person,dbo:Person,"What (dbo:Person, X) is the child/children of (dbo:Person,Y?) ",SELECT ?X WHERE { Y dbo:child ?X.},"Which person,Who (dbo:Person, X) is,was the child of (dbo:Person,Y?) (X dbo:child Y)",SELECT ?X WHERE { Y dbo:child ?X.},"List the (dbo:Person, X) children of (dbo:Person,Y?) ",SELECT ?X WHERE { Y dbo:child ?X.},"the child of (dbo:Person,Y) ",,,
deathPlace-of,noun,death place,-,of,NounPPFrame,range,domain,1,dbo:deathPlace,dbo:Person,xsd:string,"What (xsd:string, X) is the death place/- of (dbo:Person,Y?) ",SELECT ?X WHERE { Y dbo:deathPlace ?X.},FALSE,FALSE,"List the (xsd:string, X) - of (dbo:Person,Y?) ",SELECT ?X WHERE { Y dbo:deathPlace ?X.},"the death place of (dbo:Person,Y) ",,,
relative-of,noun,relative,relatives,of,NounPPFrame,range,domain,1,dbo:relative,dbo:Person,xsd:string,"What (xsd:string, X) is the relative/relatives of (dbo:Person,Y?) ",SELECT ?X WHERE { Y dbo:relative ?X.},FALSE,FALSE,"List the (xsd:string, X) relatives of (dbo:Person,Y?) ",SELECT ?X WHERE { Y dbo:relative ?X.},"the relative of (dbo:Person,Y) ",,,
numberOfStudents-of,noun,number of students,-,of,NounPPFrame,range,domain,1,dbo:numberOfStudents,dbo:EducationalInstitution,xsd:nonNegativeInteger,"What (xsd:nonNegativeInteger, X) is the number of students/- of (dbo:EducationalInstitution,Y?) ",SELECT ?X WHERE { Y dbo:numberOfStudents ?X.},FALSE,FALSE,"List the (xsd:nonNegativeInteger, X) - of (dbo:EducationalInstitution,Y?) ",SELECT ?X WHERE { Y dbo:numberOfStudents ?X.},"the number of students of (dbo:EducationalInstitution,Y) ",,,
numberOfPostgraduateStudents,noun,number of postgraduate students,-,of,NounPPFrame,range,domain,1,dbo:numberOfPostgraduateStudents,dbo:University,xsd:nonNegativeInteger,"What (xsd:nonNegativeInteger, X) is the number of postgraduate students/- of (dbo:University,Y?) ",SELECT ?X WHERE { Y dbo:numberOfPostgraduateStudents ?X.},FALSE,FALSE,"List the (xsd:nonNegativeInteger, X) - of (dbo:University,Y?) ",SELECT ?X WHERE { Y dbo:numberOfPostgraduateStudents ?X.},"the number of postgraduate students of (dbo:University,Y) ",,,
numberOfUndergraduateStudents,noun,number of undergraduate students,-,of,NounPPFrame,range,domain,1,dbo:numberOfUndergraduateStudents,dbo:EducationalInstitution,xsd:nonNegativeInteger,"What (xsd:nonNegativeInteger, X) is the number of undergraduate students/- of (dbo:EducationalInstitution,Y?) ",SELECT ?X WHERE { Y dbo:numberOfUndergraduateStudents ?X.},FALSE,FALSE,"List the (xsd:nonNegativeInteger, X) - of (dbo:EducationalInstitution,Y?) ",SELECT ?X WHERE { Y dbo:numberOfUndergraduateStudents ?X.},"the number of undergraduate students of (dbo:EducationalInstitution,Y) ",,,
numberOfStaff,noun,number of staff,-,of,NounPPFrame,range,domain,1,dbo:staff,dbo:Organisation,xsd:nonNegativeInteger,"What (xsd:nonNegativeInteger, X) is the number of staff/- of (dbo:Organisation,Y?) ",SELECT ?X WHERE { Y dbo:staff ?X.},FALSE,FALSE,"List the (xsd:nonNegativeInteger, X) - of (dbo:Organisation,Y?) ",SELECT ?X WHERE { Y dbo:staff ?X.},"the number of staff of (dbo:Organisation,Y) ",,,
officialSchoolColour-of,noun,official school colour,-,of,NounPPFrame,range,domain,1,dbo:officialSchoolColour,dbo:EducationalInstitution,xsd:string,"What (xsd:string, X) is the official school colour/- of (dbo:EducationalInstitution,Y?) ",SELECT ?X WHERE { Y dbo:officialSchoolColour ?X.},FALSE,FALSE,"List the (xsd:string, X) - of (dbo:EducationalInstitution,Y?) ",SELECT ?X WHERE { Y dbo:officialSchoolColour ?X.},"the official school colour of (dbo:EducationalInstitution,Y) ",,,
deputy-of,noun,deputy,-,of,NounPPFrame,range,domain,1,dbo:deputy,dbo:Person,xsd:string,"What (xsd:string, X) is the deputy/- of (dbo:Person,Y?) ",SELECT ?X WHERE { Y dbo:deputy ?X.},FALSE,FALSE,"List the (xsd:string, X) - of (dbo:Person,Y?) ",SELECT ?X WHERE { Y dbo:deputy ?X.},"the deputy of (dbo:Person,Y) ",,,
office-of,noun ,office,-,of,NounPPFrame,range,domain,1,dbo:office,dbo:Politician,xsd:string,"What (xsd:string, X) is the office/- of (dbo:Politician,Y?) ",SELECT ?X WHERE { Y dbo:office ?X.},FALSE,FALSE,"List the (xsd:string, X) - of (dbo:Politician,Y?) ",SELECT ?X WHERE { Y dbo:office ?X.},"the office of (dbo:Politician,Y) ",,,
otherParty-of,noun,other party,other parties,of,NounPPFrame,range,domain,1,dbo:otherParty,dbo:Politician,xsd:string,"What (xsd:string, X) is the other party/other parties of (dbo:Politician,Y?) ",SELECT ?X WHERE { Y dbo:otherParty ?X.},FALSE,FALSE,"List the (xsd:string, X) other parties of (dbo:Politician,Y?) ",SELECT ?X WHERE { Y dbo:otherParty ?X.},"the other party of (dbo:Politician,Y) ",,,
party-of,noun,party,parties,of,NounPPFrame,range,domain,1,dbo:party,dbo:Politician,xsd:string,"What (xsd:string, X) is the party/parties of (dbo:Politician,Y?) ",SELECT ?X WHERE { Y dbo:party ?X.},FALSE,FALSE,"List the (xsd:string, X) parties of (dbo:Politician,Y?) ",SELECT ?X WHERE { Y dbo:party ?X.},"the party of (dbo:Politician,Y) ",,,
notableWork-of,noun,notable work,notable works,of,NounPPFrame,range,domain,1,dbo:notableWork,dbo:Writer,xsd:string,"What (xsd:string, X) is the notable work/notable works of (dbo:Writer,Y?) ",SELECT ?X WHERE { Y dbo:notableWork ?X.},FALSE,FALSE,"List the (xsd:string, X) notable works of (dbo:Writer,Y?) ",SELECT ?X WHERE { Y dbo:notableWork ?X.},"the notable work of (dbo:Writer,Y) ",,,
-,noun,notable work,notable works,of,NounPPFrame,range,domain,2,dbo:notableWork,dbo:Artist,dbo:Work,"What (dbo:Work, X) is the notable work/notable works of (dbo:Artist,Y?) ",SELECT ?X WHERE { Y dbo:notableWork ?X.},FALSE,FALSE,"List the (dbo:Work, X) notable works of (dbo:Artist,Y?) ",SELECT ?X WHERE { Y dbo:notableWork ?X.},"the notable work of (dbo:Artist,Y) ",,,
pseudonym-of,noun,pseudonym,pseudonyms,of,NounPPFrame,range,domain,1,dbo:pseudonym,dbo:Writer,xsd:string,"What (xsd:string, X) is the pseudonym/pseudonyms of (dbo:Writer,Y?) ",SELECT ?X WHERE { Y dbo:pseudonym ?X.},FALSE,FALSE,"List the (xsd:string, X) pseudonyms of (dbo:Writer,Y?) ",SELECT ?X WHERE { Y dbo:pseudonym ?X.},"the pseudonym of (dbo:Writer,Y) ",,,
restingPlace-of,noun,resting place,-,of,NounPPFrame,range,domain,1,dbo:restingPlace,dbo:Person,xsd:string,"What (xsd:string, X) is the resting place/- of (dbo:Person,Y?) ",SELECT ?X WHERE { Y dbo:restingPlace ?X.},FALSE,FALSE,"List the (xsd:string, X) - of (dbo:Person,Y?) ",SELECT ?X WHERE { Y dbo:restingPlace ?X.},"the resting place of (dbo:Person,Y) ",,,
company-of,noun,company ,companies,of,NounPPFrame,range,domain,1,dbo:company,dbo:TelevisionShow,xsd:string,"What (xsd:string, X) is the company /companies of (dbo:TelevisionShow,Y?) ",SELECT ?X WHERE { Y dbo:company ?X.},FALSE,FALSE,"List the (xsd:string, X) companies of (dbo:TelevisionShow,Y?) ",SELECT ?X WHERE { Y dbo:company ?X.},"the company  of (dbo:TelevisionShow,Y) ",,,
creator-of,noun,creator,-,of,NounPPFrame,range,domain,1,dbo:creator,dbo:TelevisionShow,dbo:Person,"What (dbo:Person, X) is the creator/- of (dbo:TelevisionShow,Y?) ",SELECT ?X WHERE { Y dbo:creator ?X.},"Which person,Who (dbo:Person, X) is,was the creator of (dbo:TelevisionShow,Y?) (X dbo:creator Y)",SELECT ?X WHERE { Y dbo:creator ?X.},"List the (dbo:Person, X) - of (dbo:TelevisionShow,Y?) ",SELECT ?X WHERE { Y dbo:creator ?X.},"the creator of (dbo:TelevisionShow,Y) ",,,
distributor-of,noun,distributor,distributors,of,NounPPFrame,range,domain,2,dbo:distributor,dbo:TelevisionShow,xsd:string,"What (xsd:string, X) is the distributor/distributors of (dbo:TelevisionShow,Y?) ",SELECT ?X WHERE { Y dbo:distributor ?X.},FALSE,FALSE,"List the (xsd:string, X) distributors of (dbo:TelevisionShow,Y?) ",SELECT ?X WHERE { Y dbo:distributor ?X.},"the distributor of (dbo:TelevisionShow,Y) ",,,
imdbld-of,noun,imdbld,-,of,NounPPFrame,range,domain,1,dbo:imdbld,dbo:TelevisionShow,xsd:Integer,"What (xsd:Integer, X) is the imdbld/- of (dbo:TelevisionShow,Y?) ",SELECT ?X WHERE { Y dbo:imdbld ?X.},FALSE,FALSE,"List the (xsd:Integer, X) - of (dbo:TelevisionShow,Y?) ",SELECT ?X WHERE { Y dbo:imdbld ?X.},"the imdbld of (dbo:TelevisionShow,Y) ",,,
network-of,noun,network,networks,of,NounPPFrame,range,domain,1,dbo:network,dbo:TelevisionShow,xsd:string,"What (xsd:string, X) is the network/networks of (dbo:TelevisionShow,Y?) ",SELECT ?X WHERE { Y dbo:network ?X.},FALSE,FALSE,"List the (xsd:string, X) networks of (dbo:TelevisionShow,Y?) ",SELECT ?X WHERE { Y dbo:network ?X.},"the network of (dbo:TelevisionShow,Y) ",,,
numberOfEpisodes-of,noun,number of episodes,-,of,NounPPFrame,range,domain,1,dbo:numberOfEpisodes,dbo:TelevisionShow,xsd:integer,"What (xsd:integer, X) is the number of episodes/- of (dbo:TelevisionShow,Y?) ",SELECT ?X WHERE { Y dbo:numberOfEpisodes ?X.},FALSE,FALSE,"List the (xsd:integer, X) - of (dbo:TelevisionShow,Y?) ",SELECT ?X WHERE { Y dbo:numberOfEpisodes ?X.},"the number of episodes of (dbo:TelevisionShow,Y) ",,,
numberOfSeasons-of,noun,number of seasons,-,of,NounPPFrame,range,domain,1,dbo:numberOfSeasons,dbo:TelevisionShow,xsd:integer,"What (xsd:integer, X) is the number of seasons/- of (dbo:TelevisionShow,Y?) ",SELECT ?X WHERE { Y dbo:numberOfSeasons ?X.},FALSE,FALSE,"List the (xsd:integer, X) - of (dbo:TelevisionShow,Y?) ",SELECT ?X WHERE { Y dbo:numberOfSeasons ?X.},"the number of seasons of (dbo:TelevisionShow,Y) ",,,
presenter-of,noun,presenter,presenters,of,NounPPFrame,range,domain,1,dbo:presenter,dbo:TelevisionShow,dbo:Person,"What (dbo:Person, X) is the presenter/presenters of (dbo:TelevisionShow,Y?) ",SELECT ?X WHERE { Y dbo:presenter ?X.},"Which person,Who (dbo:Person, X) is,was the presenter of (dbo:TelevisionShow,Y?) (X dbo:presenter Y)",SELECT ?X WHERE { Y dbo:presenter ?X.},"List the (dbo:Person, X) presenters of (dbo:TelevisionShow,Y?) ",SELECT ?X WHERE { Y dbo:presenter ?X.},"the presenter of (dbo:TelevisionShow,Y) ",,,
riverMouth-of,noun,river mouth,-,of,NounPPFrame,range,domain,1,dbo:riverMouth,dbo:River,dbo:Sea,"What (dbo:Sea, X) is the river mouth/- of (dbo:River,Y?) ",SELECT ?X WHERE { Y dbo:riverMouth ?X.},FALSE,FALSE,"List the (dbo:Sea, X) - of (dbo:River,Y?) ",SELECT ?X WHERE { Y dbo:riverMouth ?X.},"the river mouth of (dbo:River,Y) ",,,
mouthLevel-of,noun,mouth level,-,of,NounPPFrame,range,domain,1,dbp:mouthLevel,dbo:River,xsd:string,"What (xsd:string, X) is the mouth level/- of (dbo:River,Y?) ",SELECT ?X WHERE { Y dbp:mouthLevel ?X.},FALSE,FALSE,"List the (xsd:string, X) - of (dbo:River,Y?) ",SELECT ?X WHERE { Y dbp:mouthLevel ?X.},"the mouth level of (dbo:River,Y) ",,,
humanDevelopementIndex-of,noun,human developement index,-,of,NounPPFrame,range,domain,1,dbo:humanDevelopementIndex,dbo:Country,xsd:float,"What (xsd:float, X) is the human developement index/- of (dbo:Country,Y?) ",SELECT ?X WHERE { Y dbo:humanDevelopementIndex ?X.},FALSE,FALSE,"List the (xsd:float, X) - of (dbo:Country,Y?) ",SELECT ?X WHERE { Y dbo:humanDevelopementIndex ?X.},"the human developement index of (dbo:Country,Y) ",,,
religion-of,noun,religion ,religions,of,NounPPFrame,range,domain,1,dbo:religion,dbo:Country,xsd:string,"What (xsd:string, X) is the religion /religions of (dbo:Country,Y?) ",SELECT ?X WHERE { Y dbo:religion ?X.},FALSE,FALSE,"List the (xsd:string, X) religions of (dbo:Country,Y?) ",SELECT ?X WHERE { Y dbo:religion ?X.},"the religion  of (dbo:Country,Y) ",,,
cinematography-of,noun,cinematography,-,of,NounPPFrame,range,domain,1,dbo:cinematography,dbo:Film,dbo:Person,"What (dbo:Person, X) is the cinematography/- of (dbo:Film,Y?) ",SELECT ?X WHERE { Y dbo:cinematography ?X.},"Which person,Who (dbo:Person, X) is,was the cinematography of (dbo:Film,Y?) (X dbo:cinematography Y)",SELECT ?X WHERE { Y dbo:cinematography ?X.},"List the (dbo:Person, X) - of (dbo:Film,Y?) ",SELECT ?X WHERE { Y dbo:cinematography ?X.},"the cinematography of (dbo:Film,Y) ",,,
designer-of,noun,designer,-,of,NounPPFrame,range,domain,1,dbo:designer,dbo:Work,dbo:Person,"What (dbo:Person, X) is the designer/- of (dbo:Work,Y?) ",SELECT ?X WHERE { Y dbo:designer ?X.},"Which person,Who (dbo:Person, X) is,was the designer of (dbo:Work,Y?) (X dbo:designer Y)",SELECT ?X WHERE { Y dbo:designer ?X.},"List the (dbo:Person, X) - of (dbo:Work,Y?) ",SELECT ?X WHERE { Y dbo:designer ?X.},"the designer of (dbo:Work,Y) ",,,
gameArtist-of,noun,game artist,-,of,NounPPFrame,range,domain,1,dbo:gameArtist,dbo:VideoGame,dbo:Person,"What (dbo:Person, X) is the game artist/- of (dbo:VideoGame,Y?) ",SELECT ?X WHERE { Y dbo:gameArtist ?X.},"Which person,Who (dbo:Person, X) is,was the game artist of (dbo:VideoGame,Y?) (X dbo:gameArtist Y)",SELECT ?X WHERE { Y dbo:gameArtist ?X.},"List the (dbo:Person, X) - of (dbo:VideoGame,Y?) ",SELECT ?X WHERE { Y dbo:gameArtist ?X.},"the game artist of (dbo:VideoGame,Y) ",,,
field-of,noun,field,fields,of,NounPPFrame,range,domain,1,dbo:field,dbo:Artist,dbo:PersonFunction,"What (dbo:PersonFunction, X) is the field/fields of (dbo:Artist,Y?) ",SELECT ?X WHERE { Y dbo:field ?X.},FALSE,FALSE,"List the (dbo:PersonFunction, X) fields of (dbo:Artist,Y?) ",SELECT ?X WHERE { Y dbo:field ?X.},"the field of (dbo:Artist,Y) ",,,
birthName-of,noun,birth name ,birth names,of,NounPPFrame,range,domain,1,dbo:birthName,dbo:Person,rdf:langString,"What (rdf:langString, X) is the birth name /birth names of (dbo:Person,Y?) ",SELECT ?X WHERE { Y dbo:birthName ?X.},FALSE,FALSE,"List the (rdf:langString, X) birth names of (dbo:Person,Y?) ",SELECT ?X WHERE { Y dbo:birthName ?X.},"the birth name  of (dbo:Person,Y) ",,,
location-of,noun,location,locations,of,NounPPFrame,range,domain,1,dbo:location,dbo:BodyOfWater,dbo:Place,"What (dbo:Place, X) is the location/locations of (dbo:BodyOfWater,Y?) ",SELECT ?X WHERE { Y dbo:location ?X.},FALSE,FALSE,"List the (dbo:Place, X) locations of (dbo:BodyOfWater,Y?) ",SELECT ?X WHERE { Y dbo:location ?X.},"the location of (dbo:BodyOfWater,Y) ",,,
island-of,noun,island,islands,of,NounPPFrame,range,domain,1,dbo:island,dbo:BodyOfWater,dbo:Island,"What (dbo:Island, X) is the island/islands of (dbo:BodyOfWater,Y?) ",SELECT ?X WHERE { Y dbo:island ?X.},FALSE,FALSE,"List the (dbo:Island, X) islands of (dbo:BodyOfWater,Y?) ",SELECT ?X WHERE { Y dbo:island ?X.},"the island of (dbo:BodyOfWater,Y) ",,,
originalName-of,noun,original name,-,of,NounPPFrame,range,domain,1,dbo:originalName,dbo:Company,rdf:langString,"What (rdf:langString, X) is the original name/- of (dbo:Company,Y?) ",SELECT ?X WHERE { Y dbo:originalName ?X.},FALSE,FALSE,"List the (rdf:langString, X) - of (dbo:Company,Y?) ",SELECT ?X WHERE { Y dbo:originalName ?X.},"the original name of (dbo:Company,Y) ",,,
founder-of,noun,founder,founders,of,NounPPFrame,range,domain,1,dbo:foundedBy,dbo:Company,dbo:Agent,"What (dbo:Agent, X) is the founder/founders of (dbo:Company,Y?) ",SELECT ?X WHERE { Y dbo:foundedBy ?X.},FALSE,FALSE,"List the (dbo:Agent, X) founders of (dbo:Company,Y?) ",SELECT ?X WHERE { Y dbo:foundedBy ?X.},"the founder of (dbo:Company,Y) ",,,
discharge_of,noun,discharge,discharges,of,NounPPFrame,range,domain,1,dbo:discharge,dbo:Stream,xsd:double,"What (xsd:double, X) is the discharge/discharges of (dbo:Stream,Y?) ",SELECT ?X WHERE { Y dbo:discharge ?X.},FALSE,FALSE,"List the (xsd:double, X) discharges of (dbo:Stream,Y?) ",SELECT ?X WHERE { Y dbo:discharge ?X.},"the discharge of (dbo:Stream,Y) ",,binding list,
hometown-of,noun,hometown,-,of,NounPPFrame,range,domain,1,dbo:hometown,dbo:Person,dbo:Settlement,"What (dbo:Settlement, X) is the hometown/- of (dbo:Person,Y?) ",SELECT ?X WHERE { Y dbo:hometown ?X.},FALSE,FALSE,"List the (dbo:Settlement, X) - of (dbo:Person,Y?) ",SELECT ?X WHERE { Y dbo:hometown ?X.},"the hometown of (dbo:Person,Y) ",,,
rightTributary_of,noun,right tributary,right tributaries,of,NounPPFrame,range,domain,1,dbo:rightTributary,dbo:River,dbo:River,"What (dbo:River, X) is the right tributary/right tributaries of (dbo:River,Y?) ",SELECT ?X WHERE { Y dbo:rightTributary ?X.},FALSE,FALSE,"List the (dbo:River, X) right tributaries of (dbo:River,Y?) ",SELECT ?X WHERE { Y dbo:rightTributary ?X.},"the right tributary of (dbo:River,Y) ",,,
sourceCountry_of,noun,source country,source countries,of,NounPPFrame,range,domain,1,dbo:sourceCountry,dbo:Stream,dbo:Country,"What (dbo:Country, X) is the source country/source countries of (dbo:Stream,Y?) ",SELECT ?X WHERE { Y dbo:sourceCountry ?X.},FALSE,FALSE,"List the (dbo:Country, X) source countries of (dbo:Stream,Y?) ",SELECT ?X WHERE { Y dbo:sourceCountry ?X.},"the source country of (dbo:Stream,Y) ",,,
mouthCountry_of,noun,mouth country,mouth countries,of,NounPPFrame,range,domain,1,dbo:mouthCountry,dbo:River,dbo:Country,"What (dbo:Country, X) is the mouth country/mouth countries of (dbo:River,Y?) ",SELECT ?X WHERE { Y dbo:mouthCountry ?X.},FALSE,FALSE,"List the (dbo:Country, X) mouth countries of (dbo:River,Y?) ",SELECT ?X WHERE { Y dbo:mouthCountry ?X.},"the mouth country of (dbo:River,Y) ",,,
sourceElevation_of,noun,source elevation,source elevations,of,NounPPFrame,range,domain,1,dbo:sourceElevation,dbo:River,xsd:double,"What (xsd:double, X) is the source elevation/source elevations of (dbo:River,Y?) ",SELECT ?X WHERE { Y dbo:sourceElevation ?X.},FALSE,FALSE,"List the (xsd:double, X) source elevations of (dbo:River,Y?) ",SELECT ?X WHERE { Y dbo:sourceElevation ?X.},"the source elevation of (dbo:River,Y) ",,,
mouthElevation_of,noun,mouth elevation,mouth elevations,of,NounPPFrame,range,domain,1,dbo:mouthElevation,dbo:River,xsd:double,"What (xsd:double, X) is the mouth elevation/mouth elevations of (dbo:River,Y?) ",SELECT ?X WHERE { Y dbo:mouthElevation ?X.},FALSE,FALSE,"List the (xsd:double, X) mouth elevations of (dbo:River,Y?) ",SELECT ?X WHERE { Y dbo:mouthElevation ?X.},"the mouth elevation of (dbo:River,Y) ",,,
isoCodeRegion-of,noun,ISO code region,-,of,NounPPFrame,range,domain,1,dbo:isoCodeRegion,dbo:Settlement,xsd:string,"What (xsd:string, X) is the ISO code region/- of (dbo:Settlement,Y?) ",SELECT ?X WHERE { Y dbo:isoCodeRegion ?X.},FALSE,FALSE,"List the (xsd:string, X) - of (dbo:Settlement,Y?) ",SELECT ?X WHERE { Y dbo:isoCodeRegion ?X.},"the ISO code region of (dbo:Settlement,Y) ",,,
bridgeCarries-of,noun,bridge carrier,bridge carries,of,NounPPFrame,range,domain,1,dbo:bridgeCarries,dbo:Bridge,xsd:string,"What (xsd:string, X) is the bridge carrier/bridge carries of (dbo:Bridge,Y?) ",#REF!,FALSE,,,,,,,
alias-of,noun,alias,aliases,of,NounPPFrame,range,domain,1,dbo:alias,dbo:Person,rdf:langString,"What (rdf:langString, X) is the alias/aliases of (dbo:Person,Y?) ",SELECT ?X WHERE { Y dbo:alias ?X.},FALSE,FALSE,"List the (rdf:langString, X) aliases of (dbo:Person,Y?) ",SELECT ?X WHERE { Y dbo:alias ?X.},"the alias of (dbo:Person,Y) ",,,
runwayLength-of,noun,runway length,-,of,NounPPFrame,range,domain,1,dbo:runwayLength,dbo:Airport,xsd:double,"What (xsd:double, X) is the runway length/- of (dbo:Airport,Y?) ",SELECT ?X WHERE { Y dbo:runwayLength ?X.},FALSE,FALSE,"List the (xsd:double, X) - of (dbo:Airport,Y?) ",SELECT ?X WHERE { Y dbo:runwayLength ?X.},"the runway length of (dbo:Airport,Y) ",,,
runwayDesignation-of,noun,designation runway,designation runways,of ,NounPPFrame,range,domain,1,dbo:runwayDesignation,dbo:Airport,xsd:string,"What (xsd:string, X) is the designation runway/designation runways of  (dbo:Airport,Y?) ",SELECT ?X WHERE { Y dbo:runwayDesignation ?X.},FALSE,FALSE,"List the (xsd:string, X) designation runways of  (dbo:Airport,Y?) ",SELECT ?X WHERE { Y dbo:runwayDesignation ?X.},"the designation runway of  (dbo:Airport,Y) ",,,
runwaySurface-of,noun,surface runway,surface runways,of,NounPPFrame,range,domain,1,dbo:runwaySurface,dbo:Airport,xsd:string,"What (xsd:string, X) is the surface runway/surface runways of (dbo:Airport,Y?) ",SELECT ?X WHERE { Y dbo:runwaySurface ?X.},FALSE,FALSE,"List the (xsd:string, X) surface runways of (dbo:Airport,Y?) ",SELECT ?X WHERE { Y dbo:runwaySurface ?X.},"the surface runway of (dbo:Airport,Y) ",,,
iataLocationIdentifer-of,noun,IATA Location Identifier,-,of,NounPPFrame,range,domain,1,dbo:iataLocationIdentifier,dbo:Infrastructure,xsd:string,"What (xsd:string, X) is the IATA Location Identifier/- of (dbo:Infrastructure,Y?) ",SELECT ?X WHERE { Y dbo:iataLocationIdentifier ?X.},FALSE,FALSE,"List the (xsd:string, X) - of (dbo:Infrastructure,Y?) ",SELECT ?X WHERE { Y dbo:iataLocationIdentifier ?X.},"the IATA Location Identifier of (dbo:Infrastructure,Y) ",,,
icaoLocationIdentifier-of,noun,ICAO Location Identifier,-,of,NounPPFrame,range,domain,1,dbo:icaoLocationIdentifier,dbo:Airport,xsd:string,"What (xsd:string, X) is the ICAO Location Identifier/- of (dbo:Airport,Y?) ",SELECT ?X WHERE { Y dbo:icaoLocationIdentifier ?X.},FALSE,FALSE,"List the (xsd:string, X) - of (dbo:Airport,Y?) ",SELECT ?X WHERE { Y dbo:icaoLocationIdentifier ?X.},"the ICAO Location Identifier of (dbo:Airport,Y) ",,,
album-of,noun,album,albums,of,NounPPFrame,range,domain,1,dbo:Album,dbo:Work,dbo:Album,"What (dbo:Album, X) is the album/albums of (dbo:Work,Y?) ",SELECT ?X WHERE { Y dbo:Album ?X.},FALSE,FALSE,"List the (dbo:Album, X) albums of (dbo:Work,Y?) ",SELECT ?X WHERE { Y dbo:Album ?X.},"the album of (dbo:Work,Y) ",,,
publisher-of,noun,publisher,publishers,of,NounPPFrame,range,domain,1,dbo:Publisher,dbo:Work,dbo:Agent,"What (dbo:Agent, X) is the publisher/publishers of (dbo:Work,Y?) ",SELECT ?X WHERE { Y dbo:Publisher ?X.},FALSE,FALSE,"List the (dbo:Agent, X) publishers of (dbo:Work,Y?) ",SELECT ?X WHERE { Y dbo:Publisher ?X.},"the publisher of (dbo:Work,Y) ",,,
deweyDecimalClassification,noun,Dewey Decimal Classification,Dewey Decimal Classifications,of,NounPPFrame,range,domain,1,dbo:Dcc,dbo:Work,xsd:string,"What (xsd:string, X) is the Dewey Decimal Classification/Dewey Decimal Classifications of (dbo:Work,Y?) ",SELECT ?X WHERE { Y dbo:Dcc ?X.},FALSE,FALSE,"List the (xsd:string, X) Dewey Decimal Classifications of (dbo:Work,Y?) ",SELECT ?X WHERE { Y dbo:Dcc ?X.},"the Dewey Decimal Classification of (dbo:Work,Y) ",,,
lcc-of,noun,LCC,-,of,NounPPFrame,range,domain,1,dbo:Lcc,dbo:WrittenWork,xsd:string,"What (xsd:string, X) is the LCC/- of (dbo:WrittenWork,Y?) ",SELECT ?X WHERE { Y dbo:Lcc ?X.},FALSE,FALSE,"List the (xsd:string, X) - of (dbo:WrittenWork,Y?) ",SELECT ?X WHERE { Y dbo:Lcc ?X.},"the LCC of (dbo:WrittenWork,Y) ",,,
oclc-of,noun,OCLC,-,of,NounPPFrame,range,domain,1,dbo:Oclc,dbo:WrittenWork,xsd:string,"What (xsd:string, X) is the OCLC/- of (dbo:WrittenWork,Y?) ",SELECT ?X WHERE { Y dbo:Oclc ?X.},FALSE,FALSE,"List the (xsd:string, X) - of (dbo:WrittenWork,Y?) ",SELECT ?X WHERE { Y dbo:Oclc ?X.},"the OCLC of (dbo:WrittenWork,Y) ",,,
headquarter-of,noun,headquarter,-,of,NounPPFrame,range,domain,1,dbo:Headquarter,dbo:Organisation,dbo:PopulatedPlace,"What (dbo:PopulatedPlace, X) is the headquarter/- of (dbo:Organisation,Y?) ",SELECT ?X WHERE { Y dbo:Headquarter ?X.},FALSE,FALSE,"List the (dbo:PopulatedPlace, X) - of (dbo:Organisation,Y?) ",SELECT ?X WHERE { Y dbo:Headquarter ?X.},"the headquarter of (dbo:Organisation,Y) ",,,
ideology-of,noun,ideology,ideologies,of,NounPPFrame,range,domain,1,dbo:Ideology,dbo:Agent,dbo:Ideology,"What (dbo:Ideology, X) is the ideology/ideologies of (dbo:Agent,Y?) ",SELECT ?X WHERE { Y dbo:Ideology ?X.},FALSE,FALSE,"List the (dbo:Ideology, X) ideologies of (dbo:Agent,Y?) ",SELECT ?X WHERE { Y dbo:Ideology ?X.},"the ideology of (dbo:Agent,Y) ",,,
recordLocation-of,noun,record location,record locations,of,NounPPFrame,range,domain,1,dbo:RecordedIn,dbo:MusicalWork,dbo:PopulatedPlace,"What (dbo:PopulatedPlace, X) is the record location/record locations of (dbo:MusicalWork,Y?) ",SELECT ?X WHERE { Y dbo:RecordedIn ?X.},FALSE,FALSE,"List the (dbo:PopulatedPlace, X) record locations of (dbo:MusicalWork,Y?) ",SELECT ?X WHERE { Y dbo:RecordedIn ?X.},"the record location of (dbo:MusicalWork,Y) ",,,
relation-of,noun,relation,relations,of,NounPPFrame,range,domain,1,dbo:relation,dbo:Person,dbo:Person,-,SELECT ?X WHERE { Y dbo:relation ?X.},"Which person,Who (dbo:Person, X) is,was the relation of (dbo:Person,Y?) (X dbo:relation Y)",SELECT ?X WHERE { Y dbo:relation ?X.},"List the (dbo:Person, X) relations of (dbo:Person,Y?) ",SELECT ?X WHERE { Y dbo:relation ?X.},"the relation of (dbo:Person,Y) ",,,
governmentType-of,noun,government type,government types,of,NounPPFrame,range,domain,1,dbo:governmentType,dbo:City,dbo:GovernmentType,"What (dbo:GovernmentType, X) is the government type/government types of (dbo:City,Y?) ",SELECT ?X WHERE { Y dbo:governmentType ?X.},FALSE,FALSE,"List the (dbo:GovernmentType, X) government types of (dbo:City,Y?) ",SELECT ?X WHERE { Y dbo:governmentType ?X.},"the government type of (dbo:City,Y) ",,,
illustrator-of,noun,illustrator,illustrators,of,NounPPFrame,range,domain,1,dbo:Illustrator,dbo:WrittenWork,dbo:Person,"What (dbo:Person, X) is the illustrator/illustrators of (dbo:WrittenWork,Y?) ",SELECT ?X WHERE { Y dbo:Illustrator ?X.},"Which person,Who (dbo:Person, X) is,was the illustrator of (dbo:WrittenWork,Y?) (X dbo:Illustrator Y)",SELECT ?X WHERE { Y dbo:Illustrator ?X.},"List the (dbo:Person, X) illustrators of (dbo:WrittenWork,Y?) ",SELECT ?X WHERE { Y dbo:Illustrator ?X.},"the illustrator of (dbo:WrittenWork,Y) ",,,
isbn-of,noun,ISBN,-,of,NounPPFrame,range,domain,1,dbo:Isbn,dbo:WrittenWork,xsd:string,"What (xsd:string, X) is the ISBN/- of (dbo:WrittenWork,Y?) ",SELECT ?X WHERE { Y dbo:Isbn ?X.},FALSE,FALSE,"List the (xsd:string, X) - of (dbo:WrittenWork,Y?) ",SELECT ?X WHERE { Y dbo:Isbn ?X.},"the ISBN of (dbo:WrittenWork,Y) ",,,
formationYear-of,noun,formation year,-,of,NounPPFrame,range,domain,1,dbo:FormationYear,dbo:Organisation,xsd:gYear,"What (xsd:gYear, X) is the formation year/- of (dbo:Organisation,Y?) ",SELECT ?X WHERE { Y dbo:FormationYear ?X.},FALSE,FALSE,"List the (xsd:gYear, X) - of (dbo:Organisation,Y?) ",SELECT ?X WHERE { Y dbo:FormationYear ?X.},"the formation year of (dbo:Organisation,Y) ",,,
dissolutionYear-of,noun,dissolution year,-,of,NounPPFrame,range,domain,1,dbo:DissolutionYear,"dbo:Organisation,_PopulatedPlace",xsd:year,"What (xsd:year, X) is the dissolution year/- of (dbo:Organisation,_PopulatedPlace,Y?) ",SELECT ?X WHERE { Y dbo:DissolutionYear ?X.},FALSE,FALSE,"List the (xsd:year, X) - of (dbo:Organisation,_PopulatedPlace,Y?) ",SELECT ?X WHERE { Y dbo:DissolutionYear ?X.},"the dissolution year of (dbo:Organisation,_PopulatedPlace,Y) ",,,
actor-of,noun,actor,actors,of,NounPPFrame,range,domain,1,dbo:Actor,dbo:Film,dbo:Person,-,SELECT ?X WHERE { Y dbo:actor ?X.},"Which person,Who (dbo:Person, X) is,was the actor of (dbo:Film,Y?) (X dbo:actor Y)",SELECT ?X WHERE { Y dbo:actor ?X.},"List the (dbo:Person, X) actors of (dbo:Film,Y?) ",SELECT ?X WHERE { Y dbo:actor ?X.},"the actor of (dbo:Film,Y) ",,,
relation-of,noun,relation,relations,of,NounPPFrame,range,domain,1,dbo:relation,dbo:Person,dbo:Person,-,SELECT ?X WHERE { Y dbo:relation ?X.},"Which person,Who (dbo:Person, X) is,was the relation of (dbo:Person,Y?) (X dbo:relation Y)",SELECT ?X WHERE { Y dbo:relation ?X.},"List the (dbo:Person, X) relations of (dbo:Person,Y?) ",SELECT ?X WHERE { Y dbo:relation ?X.},"the relation of (dbo:Person,Y) ",,,
owner-of,noun,owner,owners,of,NounPPFrame,range,domain,1,dbo:owner,dbo:Location,dbo:Agent,-,SELECT ?X WHERE { Y dbo:owner ?X.},FALSE,FALSE,"List the (dbo:Agent, X) owners of (dbo:Location,Y?) ",SELECT ?X WHERE { Y dbo:owner ?X.},"the owner of (dbo:Location,Y) ",,,
politicalLeader-of,noun,political leader,political leaders,of,NounPPFrame,range,domain,1,dbo:politicalLeader,dbo:Place,dbo:PersonFunction,"What (dbo:PersonFunction, X) is the political leader/political leaders of (dbo:Place,Y?) ",SELECT ?X WHERE { Y dbo:politicalLeader ?X.},FALSE,FALSE,"List the (dbo:PersonFunction, X) political leaders of (dbo:Place,Y?) ",SELECT ?X WHERE { Y dbo:politicalLeader ?X.},"the political leader of (dbo:Place,Y) ",,,
picture-of,noun,picture,pictures,of,NounPPFrame,range,domain,1,dbo:picture,dbo:Thing,dbo:Thing,"What (dbo:Thing, X) is the picture/pictures of (dbo:Thing,Y?) ",SELECT ?X WHERE { Y dbo:picture ?X.},FALSE,FALSE,"List the (dbo:Thing, X) pictures of (dbo:Thing,Y?) ",SELECT ?X WHERE { Y dbo:picture ?X.},"the picture of (dbo:Thing,Y) ",,,
movie-of,noun,movie,movies,of,NounPPFrame,range,domain,1,dbo:Person,dbo:Person,dbo:Work,"What (dbo:Work, X) is the movie/movies of (dbo:Person,Y?) ",SELECT ?X WHERE { Y dbo:Person ?X.},FALSE,FALSE,"List the (dbo:Work, X) movies of (dbo:Person,Y?) ",SELECT ?X WHERE { Y dbo:Person ?X.},"the movie of (dbo:Person,Y) ",,,
termStart-of,noun,starting term,-,of,NounPPFrame,range,domain,1,dbo:termStart,dbo:Person,xsd:integer,"What (xsd:integer, X) is the starting term/- of (dbo:Person,Y?) ",SELECT ?X WHERE { Y dbo:termStart ?X.},FALSE,FALSE,"List the (xsd:integer, X) - of (dbo:Person,Y?) ",SELECT ?X WHERE { Y dbo:termStart ?X.},"the starting term of (dbo:Person,Y) ",,,
termEnd-of,noun,ending term,-,of,NounPPFrame,range,domain,1,dbo:termEnd,dbo:Person,xsd:integer,"What (xsd:integer, X) is the ending term/- of (dbo:Person,Y?) ",SELECT ?X WHERE { Y dbo:termEnd ?X.},FALSE,FALSE,"List the (xsd:integer, X) - of (dbo:Person,Y?) ",SELECT ?X WHERE { Y dbo:termEnd ?X.},"the ending term of (dbo:Person,Y) ",,,
activeYearsStartYear-of,noun,active years start year,-,of,NounPPFrame,range,domain,1,dbo:activeYearsStartYear,dbo:Person,xsd:gYear,"What (xsd:gYear, X) is the active years start year/- of (dbo:Person,Y?) ",SELECT ?X WHERE { Y dbo:activeYearsStartYear ?X.},FALSE,FALSE,"List the (xsd:gYear, X) - of (dbo:Person,Y?) ",SELECT ?X WHERE { Y dbo:activeYearsStartYear ?X.},"the active years start year of (dbo:Person,Y) ",,,
activeYearsEndYear-of,noun,active years end year,-,of,NounPPFrame,range,domain,1,dbo:activeYearsEndYear,dbo:Person,xsd:gYear,"What (xsd:gYear, X) is the active years end year/- of (dbo:Person,Y?) ",SELECT ?X WHERE { Y dbo:activeYearsEndYear ?X.},FALSE,FALSE,"List the (xsd:gYear, X) - of (dbo:Person,Y?) ",SELECT ?X WHERE { Y dbo:activeYearsEndYear ?X.},"the active years end year of (dbo:Person,Y) ",,,
activeYearsEndDate-of,noun,active years end date,-,of,NounPPFrame,range,domain,1,dbo:activeYearsEndDate,dbo:Politician,xsd:date,"What (xsd:date, X) is the active years end date/- of (dbo:Politician,Y?) ",SELECT ?X WHERE { Y dbo:activeYearsEndDate ?X.},FALSE,FALSE,"List the (xsd:date, X) - of (dbo:Politician,Y?) ",SELECT ?X WHERE { Y dbo:activeYearsEndDate ?X.},"the active years end date of (dbo:Politician,Y) ",,,
activeYearsStartDate-of,noun,active years start date,-,of,NounPPFrame,range,domain,1,dbo:activeYearsStartDate,dbo:Politician,xsd:date,"What (xsd:date, X) is the active years start date/- of (dbo:Politician,Y?) ",SELECT ?X WHERE { Y dbo:activeYearsStartDate ?X.},FALSE,FALSE,"List the (xsd:date, X) - of (dbo:Politician,Y?) ",SELECT ?X WHERE { Y dbo:activeYearsStartDate ?X.},"the active years start date of (dbo:Politician,Y) ",,,